[2026-08-13 19:48:06] === PHASE: notebook cells 2-38 on tpu-student49 (v5e-8, spot) ===
[2026-08-13 19:48:06] cell 1 (markdown): Train, Tune, And Scale Qwen3
[2026-08-13 19:48:06] cell 3 START: from scripts.final_project import FinalProject; project = FinalProject(CONFIG)
  | SUNet ID: qanh
  | Notebook results: /home/student49/me344-artifacts/qanh-20260813t194806z
  | Cloud output: gs://me344-tpu-labs-west4/final_projects/qanh/runs
  | Starting checkpoint: gs://me344-tpu-labs-west4/data/qwen3-4b-instruct-2507/0/items
  | Pinned MaxText commit: 17c7172720ca813b05e5ea248dedd78a0c64612e
[2026-08-13 19:48:06] cell 3 DONE in 0m 0s
[2026-08-13 19:48:06] cell 5 START: device_reports = project.probe()
  | storage preflight: checkpoint read and output write/delete passed
  | pretrain {'python': '3.12.13', 'jax': '0.10.2', 'maxtext_commit': '17c7172720ca813b05e5ea248dedd78a0c64612e', 'backend': 'tpu', 'process_index': 0, 'process_count': 1, 'device_count': 8, 'local_device_count': 8, 'host_ram_bytes': 405698183168, 'devices': ['TPU_0(process=0,(0,0,0,0))', 'TPU_1(process=0,(1,0,0,0))', 'TPU_2(process=0,(0,1,0,0))', 'TPU_3(process=0,(1,1,0,0))', 'TPU_4(process=0,(0,2,0,
  | posttrain {'python': '3.12.13', 'jax': '0.11.0', 'maxtext_commit': '17c7172720ca813b05e5ea248dedd78a0c64612e', 'backend': 'tpu', 'process_index': 0, 'process_count': 1, 'device_count': 8, 'local_device_count': 8, 'host_ram_bytes': 405698183168, 'devices': ['TPU_0(process=0,(0,0,0,0))', 'TPU_1(process=0,(1,0,0,0))', 'TPU_2(process=0,(0,1,0,0))', 'TPU_3(process=0,(1,1,0,0))', 'TPU_4(process=0,(0,2,0
  | resolved model: {'emb_dim': 2560, 'num_decoder_layers': 36, 'num_query_heads': 32, 'num_kv_heads': 8, 'head_dim': 128, 'mlp_dim': 9728, 'vocab_size': 151936, 'ici_parallelism': [1, 1, 1, -1, 1, 1, 1, 1, 1, 1, 1], 'dcn_parallelism': [1, -1, 1, 1, 1, 1, 1, 1, 1, 1, 1]}
[2026-08-13 19:49:35] cell 5 DONE in 1m 28s
[2026-08-13 19:49:35] cell 7 START: project.run_capacity_lab(...) + plot_capacity()
  | /home/student49/me344_final_project/.venv-me344-posttrain/lib/python3.12/site-packages/torch/cuda/__init__.py:65: FutureWarning: The pynvml package is deprecated. Please install nvidia-ml-py instead. If you did not install pynvml directly, please report this to the maintainers of the package that installed pynvml for you.
  |   import pynvml  # type: ignore[import]
  | [transformers] DeepseekV32Config got `key=rope_scaling` in kwargs but hasn't set it as attribute. For RoPE standardization you need to set `self.rope_parameters` in model's config. 
  | [transformers] DeepseekV4Config got `key=rope_scaling` in kwargs but hasn't set it as attribute. For RoPE standardization you need to set `self.rope_parameters` in model's config. 
  | EXPECTED RESULT: TP8 should compile, while the deliberately replicated DP8 layout should run out of HBM. That OOM confirms the capacity check works.
  | I0813 19:50:14.212329 139688836971648 max_utils.py:830] System Information: Jax Version: 0.10.2
  | I0813 19:50:14.212372 139688836971648 max_utils.py:831] System Information: Jaxlib Version: 0.10.2
  | I0813 19:50:14.212415 139688836971648 max_utils.py:832] System Information: Jax Backend: PJRT C API
  | Memory analysis: CompiledMemoryStats(generated_code_size_in_bytes=21794816, argument_size_in_bytes=6033936896, output_size_in_bytes=6033861120, alias_size_in_bytes=6033854976, temp_size_in_bytes=2798684160, host_generated_code_size_in_bytes=0, host_argument_size_in_bytes=0, host_output_size_in_bytes=0, host_alias_size_in_bytes=0, host_temp_size_in_bytes=0)
  | capacity-tp8-aot finished in 0.6 minutes (exit 0).
  | I0813 19:50:45.650868 140492304227456 max_utils.py:830] System Information: Jax Version: 0.10.2
  | I0813 19:50:45.650921 140492304227456 max_utils.py:831] System Information: Jaxlib Version: 0.10.2
  | I0813 19:50:45.650969 140492304227456 max_utils.py:832] System Information: Jax Backend: PJRT C API
  | jax.errors.JaxRuntimeError: RESOURCE_EXHAUSTED: Ran out of memory on HBM, the total memory required for HLO temporaries (65.47G) exceeds available HBM (15.75G).
  | capacity-dp8-aot finished in 0.4 minutes (exit 1).
  | Handled trial failure:
  | jax.errors.JaxRuntimeError: RESOURCE_EXHAUSTED: Ran out of memory on HBM, the total memory required for HLO temporaries (65.47G) exceeds available HBM (15.75G).
  | EXPECTED OOM CONFIRMED: the replicated DP8 state exceeded HBM. This is a successful result.
  | parameters~4.022B, BF16 checkpoint~7.49 GiB, persistent training state~44.95 GiB, rough peak before activations~59.94 GiB
  | TP8 AOT: mesh=8, working~7.49 GiB/chip, predict=fit_candidate, observed=fit, AOT=8.23 GiB/chip
  | DP8 AOT: mesh=8, working~59.94 GiB/chip, predict=oom, observed=oom
[2026-08-13 19:50:54] cell 7 DONE in 1m 19s
[2026-08-13 19:50:54] cell 9 START: pretrain_checkpoint = project.run_baselines(...)
  | I0813 19:51:09.567130 139794417990784 max_utils.py:830] System Information: Jax Version: 0.10.2
  | I0813 19:51:09.567327 139794417990784 max_utils.py:831] System Information: Jaxlib Version: 0.10.2
  | I0813 19:51:09.567376 139794417990784 max_utils.py:832] System Information: Jax Backend: PJRT C API
  | Memstats: After params initialized:
  | I0813 19:51:18.398955 139794417990784 metric_logger.py:226] completed step: 0, seconds: 0.727, TFLOP/s/device: 0.319, Tokens/s/device: 2816.836, total_weights: 16384, loss: 10.872, lm_loss: 10.872, perplexity: 52703.133
  | I0813 19:51:18.505127 139794417990784 metric_logger.py:226] completed step: 1, seconds: 0.154, TFLOP/s/device: 1.508, Tokens/s/device: 13319.112, total_weights: 16384, loss: 10.866, lm_loss: 10.866, perplexity: 52362.266
  | I0813 19:51:18.512493 139794417990784 metric_logger.py:226] completed step: 2, seconds: 0.106, TFLOP/s/device: 2.185, Tokens/s/device: 19290.727, total_weights: 16384, loss: 10.860, lm_loss: 10.860, perplexity: 52070.148
  | I0813 19:51:18.521513 139794417990784 metric_logger.py:226] completed step: 3, seconds: 0.007, TFLOP/s/device: 31.102, Tokens/s/device: 274641.277, total_weights: 16384, loss: 10.857, lm_loss: 10.857, perplexity: 51892.797
  | I0813 19:51:18.530849 139794417990784 metric_logger.py:226] completed step: 4, seconds: 0.007, TFLOP/s/device: 34.037, Tokens/s/device: 300557.675, total_weights: 16384, loss: 10.855, lm_loss: 10.855, perplexity: 51807.371
  | smoke finished in 0.6 minutes (exit 0).
  | I0813 19:51:42.883349 140166964481152 max_utils.py:830] System Information: Jax Version: 0.10.2
  | I0813 19:51:42.883682 140166964481152 max_utils.py:831] System Information: Jaxlib Version: 0.10.2
  | I0813 19:51:42.883783 140166964481152 max_utils.py:832] System Information: Jax Backend: PJRT C API
  | I0813 19:53:06.950370 140166964481152 checkpointing.py:426] Saved a checkpoint at step 0.
  | Memstats: After params initialized:
  | I0813 19:53:07.128485 140166964481152 metric_logger.py:226] completed step: 0, seconds: 11.937, TFLOP/s/device: 0.264, Tokens/s/device: 10.723, total_weights: 926, loss: 482.974, lm_loss: 482.974, perplexity: inf
  | I0813 19:53:07.236546 140166964481152 metric_logger.py:226] completed step: 1, seconds: 55.815, TFLOP/s/device: 0.056, Tokens/s/device: 2.293, total_weights: 919, loss: 394.484, lm_loss: 394.484, perplexity: inf
  | I0813 19:53:07.333096 140166964481152 metric_logger.py:226] completed step: 2, seconds: 0.108, TFLOP/s/device: 29.099, Tokens/s/device: 1183.541, total_weights: 935, loss: 337.557, lm_loss: 337.557, perplexity: inf
  | I0813 19:53:07.431546 140166964481152 metric_logger.py:226] completed step: 3, seconds: 0.015, TFLOP/s/device: 214.452, Tokens/s/device: 8722.317, total_weights: 940, loss: 336.303, lm_loss: 336.303, perplexity: inf
  | I0813 19:54:37.272295 140166964481152 checkpointing.py:426] Saved a checkpoint at step 4.
  | I0813 19:54:37.274206 140166964481152 metric_logger.py:226] completed step: 4, seconds: 0.095, TFLOP/s/device: 32.966, Tokens/s/device: 1340.806, total_weights: 986, loss: 329.982, lm_loss: 329.982, perplexity: inf
  | continued-pretrain finished in 3.4 minutes (exit 0).
  | Scale-out checkpoint: gs://me344-tpu-labs-west4/final_projects/qanh/runs/me344-qanh-20260813t194806z-c4/checkpoints/4/items
[2026-08-13 19:54:53] cell 9 DONE in 3m 58s
[2026-08-13 19:54:53] cell 11 START: sweep_csv = project.run_sweep(...) + plot_sweep()
  | I0813 19:55:08.693644 140455457107072 max_utils.py:830] System Information: Jax Version: 0.10.2
  | I0813 19:55:08.693689 140455457107072 max_utils.py:831] System Information: Jaxlib Version: 0.10.2
  | I0813 19:55:08.693737 140455457107072 max_utils.py:832] System Information: Jax Backend: PJRT C API
  | Memory analysis: CompiledMemoryStats(generated_code_size_in_bytes=21217280, argument_size_in_bytes=6033895936, output_size_in_bytes=6033861120, alias_size_in_bytes=6033854976, temp_size_in_bytes=2799007744, host_generated_code_size_in_bytes=0, host_argument_size_in_bytes=0, host_output_size_in_bytes=0, host_alias_size_in_bytes=0, host_temp_size_in_bytes=0)
  | sweep-aot-gb4 finished in 0.5 minutes (exit 0).
  | I0813 19:55:38.320754 139639146966144 max_utils.py:830] System Information: Jax Version: 0.10.2
  | I0813 19:55:38.320916 139639146966144 max_utils.py:831] System Information: Jaxlib Version: 0.10.2
  | I0813 19:55:38.320970 139639146966144 max_utils.py:832] System Information: Jax Backend: PJRT C API
  | Memstats: After params initialized:
  | I0813 19:55:46.227500 139639146966144 metric_logger.py:226] completed step: 0, seconds: 0.709, TFLOP/s/device: 4.400, Tokens/s/device: 180.621, total_weights: 1024, loss: 490.857, lm_loss: 490.857, perplexity: inf
  | I0813 19:55:46.324556 139639146966144 metric_logger.py:226] completed step: 1, seconds: 0.160, TFLOP/s/device: 19.469, Tokens/s/device: 799.221, total_weights: 1024, loss: 490.857, lm_loss: 490.857, perplexity: inf
  | I0813 19:55:46.422617 139639146966144 metric_logger.py:226] completed step: 2, seconds: 0.091, TFLOP/s/device: 34.312, Tokens/s/device: 1408.513, total_weights: 1024, loss: 490.857, lm_loss: 490.857, perplexity: inf
  | I0813 19:55:46.520733 139639146966144 metric_logger.py:226] completed step: 3, seconds: 0.012, TFLOP/s/device: 265.370, Tokens/s/device: 10893.617, total_weights: 1024, loss: 490.857, lm_loss: 490.857, perplexity: inf
  | I0813 19:55:46.618836 139639146966144 metric_logger.py:226] completed step: 4, seconds: 0.098, TFLOP/s/device: 31.962, Tokens/s/device: 1312.080, total_weights: 1024, loss: 490.857, lm_loss: 490.857, perplexity: inf
  | I0813 19:55:46.716854 139639146966144 metric_logger.py:226] completed step: 5, seconds: 0.098, TFLOP/s/device: 31.804, Tokens/s/device: 1305.563, total_weights: 1024, loss: 490.857, lm_loss: 490.857, perplexity: inf
  | I0813 19:55:46.814940 139639146966144 metric_logger.py:226] completed step: 6, seconds: 0.098, TFLOP/s/device: 31.772, Tokens/s/device: 1304.273, total_weights: 1024, loss: 490.857, lm_loss: 490.857, perplexity: inf
  | I0813 19:55:46.913034 139639146966144 metric_logger.py:226] completed step: 7, seconds: 0.098, TFLOP/s/device: 31.829, Tokens/s/device: 1306.602, total_weights: 1024, loss: 490.857, lm_loss: 490.857, perplexity: inf
  | sweep-gb4 finished in 0.5 minutes (exit 0).
  | I0813 19:56:11.109915 140681574407296 max_utils.py:830] System Information: Jax Version: 0.10.2
  | I0813 19:56:11.109967 140681574407296 max_utils.py:831] System Information: Jaxlib Version: 0.10.2
  | I0813 19:56:11.110016 140681574407296 max_utils.py:832] System Information: Jax Backend: PJRT C API
  | Memory analysis: CompiledMemoryStats(generated_code_size_in_bytes=26202624, argument_size_in_bytes=6033895936, output_size_in_bytes=6033861120, alias_size_in_bytes=6033854976, temp_size_in_bytes=2941943808, host_generated_code_size_in_bytes=0, host_argument_size_in_bytes=0, host_output_size_in_bytes=0, host_alias_size_in_bytes=0, host_temp_size_in_bytes=0)
  | sweep-aot-gb8 finished in 0.5 minutes (exit 0).
  | I0813 19:56:41.855637 140375337614464 max_utils.py:830] System Information: Jax Version: 0.10.2
  | I0813 19:56:41.855858 140375337614464 max_utils.py:831] System Information: Jaxlib Version: 0.10.2
  | I0813 19:56:41.855910 140375337614464 max_utils.py:832] System Information: Jax Backend: PJRT C API
  | Memstats: After params initialized:
  | I0813 19:56:50.114383 140375337614464 metric_logger.py:226] completed step: 0, seconds: 0.725, TFLOP/s/device: 8.606, Tokens/s/device: 353.264, total_weights: 2048, loss: 493.074, lm_loss: 493.074, perplexity: inf
  | I0813 19:56:50.267476 140375337614464 metric_logger.py:226] completed step: 1, seconds: 0.167, TFLOP/s/device: 37.307, Tokens/s/device: 1531.458, total_weights: 2048, loss: 493.074, lm_loss: 493.074, perplexity: inf
  | I0813 19:56:50.421508 140375337614464 metric_logger.py:226] completed step: 2, seconds: 0.109, TFLOP/s/device: 57.214, Tokens/s/device: 2348.667, total_weights: 2048, loss: 493.074, lm_loss: 493.074, perplexity: inf
  | I0813 19:56:50.575592 140375337614464 metric_logger.py:226] completed step: 3, seconds: 0.051, TFLOP/s/device: 122.456, Tokens/s/device: 5026.902, total_weights: 2048, loss: 493.074, lm_loss: 493.074, perplexity: inf
  | I0813 19:56:50.729785 140375337614464 metric_logger.py:226] completed step: 4, seconds: 0.155, TFLOP/s/device: 40.243, Tokens/s/device: 1652.018, total_weights: 2048, loss: 493.074, lm_loss: 493.074, perplexity: inf
  | I0813 19:56:50.883804 140375337614464 metric_logger.py:226] completed step: 5, seconds: 0.152, TFLOP/s/device: 40.958, Tokens/s/device: 1681.368, total_weights: 2048, loss: 493.074, lm_loss: 493.074, perplexity: inf
  | I0813 19:56:51.038008 140375337614464 metric_logger.py:226] completed step: 6, seconds: 0.154, TFLOP/s/device: 40.584, Tokens/s/device: 1665.994, total_weights: 2048, loss: 493.074, lm_loss: 493.074, perplexity: inf
  | I0813 19:56:51.192107 140375337614464 metric_logger.py:226] completed step: 7, seconds: 0.154, TFLOP/s/device: 40.483, Tokens/s/device: 1661.863, total_weights: 2048, loss: 493.074, lm_loss: 493.074, perplexity: inf
  | sweep-gb8 finished in 0.6 minutes (exit 0).
  | I0813 19:57:15.568174 140212691377280 max_utils.py:830] System Information: Jax Version: 0.10.2
  | I0813 19:57:15.568222 140212691377280 max_utils.py:831] System Information: Jaxlib Version: 0.10.2
  | I0813 19:57:15.568272 140212691377280 max_utils.py:832] System Information: Jax Backend: PJRT C API
  | Memory analysis: CompiledMemoryStats(generated_code_size_in_bytes=32220672, argument_size_in_bytes=6033936896, output_size_in_bytes=6033861120, alias_size_in_bytes=6033854976, temp_size_in_bytes=3633154560, host_generated_code_size_in_bytes=0, host_argument_size_in_bytes=0, host_output_size_in_bytes=0, host_alias_size_in_bytes=0, host_temp_size_in_bytes=0)
  | sweep-aot-gb16 finished in 0.5 minutes (exit 0).
  | I0813 19:57:45.491641 140468040350848 max_utils.py:830] System Information: Jax Version: 0.10.2
  | I0813 19:57:45.491866 140468040350848 max_utils.py:831] System Information: Jaxlib Version: 0.10.2
  | I0813 19:57:45.491920 140468040350848 max_utils.py:832] System Information: Jax Backend: PJRT C API
  | Memstats: After params initialized:
  | I0813 19:57:56.328564 140468040350848 metric_logger.py:226] completed step: 0, seconds: 0.731, TFLOP/s/device: 17.056, Tokens/s/device: 700.159, total_weights: 4096, loss: 492.325, lm_loss: 492.325, perplexity: inf
  | I0813 19:57:56.595729 140468040350848 metric_logger.py:226] completed step: 1, seconds: 0.168, TFLOP/s/device: 74.360, Tokens/s/device: 3052.525, total_weights: 4096, loss: 492.325, lm_loss: 492.325, perplexity: inf
  | I0813 19:57:56.862903 140468040350848 metric_logger.py:226] completed step: 2, seconds: 0.198, TFLOP/s/device: 62.865, Tokens/s/device: 2580.645, total_weights: 4096, loss: 492.325, lm_loss: 492.325, perplexity: inf
  | I0813 19:57:57.130139 140468040350848 metric_logger.py:226] completed step: 3, seconds: 0.174, TFLOP/s/device: 71.698, Tokens/s/device: 2943.239, total_weights: 4096, loss: 492.325, lm_loss: 492.325, perplexity: inf
  | I0813 19:57:57.397304 140468040350848 metric_logger.py:226] completed step: 4, seconds: 0.266, TFLOP/s/device: 46.924, Tokens/s/device: 1926.268, total_weights: 4096, loss: 492.325, lm_loss: 492.325, perplexity: inf
  | I0813 19:57:57.664590 140468040350848 metric_logger.py:226] completed step: 5, seconds: 0.267, TFLOP/s/device: 46.791, Tokens/s/device: 1920.819, total_weights: 4096, loss: 492.325, lm_loss: 492.325, perplexity: inf
  | I0813 19:57:57.931808 140468040350848 metric_logger.py:226] completed step: 6, seconds: 0.267, TFLOP/s/device: 46.695, Tokens/s/device: 1916.871, total_weights: 4096, loss: 492.325, lm_loss: 492.325, perplexity: inf
  | I0813 19:57:58.199039 140468040350848 metric_logger.py:226] completed step: 7, seconds: 0.267, TFLOP/s/device: 46.692, Tokens/s/device: 1916.720, total_weights: 4096, loss: 492.325, lm_loss: 492.325, perplexity: inf
  | sweep-gb16 finished in 0.5 minutes (exit 0).
  | I0813 19:58:18.608653 139630139948160 max_utils.py:830] System Information: Jax Version: 0.10.2
  | I0813 19:58:18.608706 139630139948160 max_utils.py:831] System Information: Jaxlib Version: 0.10.2
  | I0813 19:58:18.608753 139630139948160 max_utils.py:832] System Information: Jax Backend: PJRT C API
  | Memory analysis: CompiledMemoryStats(generated_code_size_in_bytes=32838656, argument_size_in_bytes=6034018816, output_size_in_bytes=6033861120, alias_size_in_bytes=6033854976, temp_size_in_bytes=4003774976, host_generated_code_size_in_bytes=0, host_argument_size_in_bytes=0, host_output_size_in_bytes=0, host_alias_size_in_bytes=0, host_temp_size_in_bytes=0)
  | sweep-aot-gb32 finished in 0.5 minutes (exit 0).
  | I0813 19:58:46.770355 140675127639168 max_utils.py:830] System Information: Jax Version: 0.10.2
  | I0813 19:58:46.770562 140675127639168 max_utils.py:831] System Information: Jaxlib Version: 0.10.2
  | I0813 19:58:46.770613 140675127639168 max_utils.py:832] System Information: Jax Backend: PJRT C API
  | Memstats: After params initialized:
  | I0813 19:58:58.145101 140675127639168 metric_logger.py:226] completed step: 0, seconds: 0.757, TFLOP/s/device: 32.940, Tokens/s/device: 1352.194, total_weights: 8192, loss: 494.061, lm_loss: 494.061, perplexity: inf
  | I0813 19:58:58.640480 140675127639168 metric_logger.py:226] completed step: 1, seconds: 0.165, TFLOP/s/device: 151.460, Tokens/s/device: 6217.554, total_weights: 8192, loss: 494.061, lm_loss: 494.061, perplexity: inf
  | I0813 19:58:59.135797 140675127639168 metric_logger.py:226] completed step: 2, seconds: 0.437, TFLOP/s/device: 57.105, Tokens/s/device: 2344.215, total_weights: 8192, loss: 494.061, lm_loss: 494.061, perplexity: inf
  | I0813 19:58:59.631007 140675127639168 metric_logger.py:226] completed step: 3, seconds: 0.395, TFLOP/s/device: 63.209, Tokens/s/device: 2594.763, total_weights: 8192, loss: 494.061, lm_loss: 494.061, perplexity: inf
  | I0813 19:59:00.126304 140675127639168 metric_logger.py:226] completed step: 4, seconds: 0.493, TFLOP/s/device: 50.551, Tokens/s/device: 2075.164, total_weights: 8192, loss: 494.061, lm_loss: 494.061, perplexity: inf
  | I0813 19:59:00.621650 140675127639168 metric_logger.py:226] completed step: 5, seconds: 0.495, TFLOP/s/device: 50.432, Tokens/s/device: 2070.259, total_weights: 8192, loss: 494.061, lm_loss: 494.061, perplexity: inf
  | I0813 19:59:01.116907 140675127639168 metric_logger.py:226] completed step: 6, seconds: 0.495, TFLOP/s/device: 50.370, Tokens/s/device: 2067.705, total_weights: 8192, loss: 494.061, lm_loss: 494.061, perplexity: inf
  | I0813 19:59:01.612308 140675127639168 metric_logger.py:226] completed step: 7, seconds: 0.495, TFLOP/s/device: 50.368, Tokens/s/device: 2067.626, total_weights: 8192, loss: 494.061, lm_loss: 494.061, perplexity: inf
  | sweep-gb32 finished in 0.6 minutes (exit 0).
  | I0813 19:59:25.621484 140669016423552 max_utils.py:830] System Information: Jax Version: 0.10.2
  | I0813 19:59:25.621534 140669016423552 max_utils.py:831] System Information: Jaxlib Version: 0.10.2
  | I0813 19:59:25.621579 140669016423552 max_utils.py:832] System Information: Jax Backend: PJRT C API
  | Memory analysis: CompiledMemoryStats(generated_code_size_in_bytes=33763328, argument_size_in_bytes=6034182656, output_size_in_bytes=6033861120, alias_size_in_bytes=6033854976, temp_size_in_bytes=5349507584, host_generated_code_size_in_bytes=0, host_argument_size_in_bytes=0, host_output_size_in_bytes=0, host_alias_size_in_bytes=0, host_temp_size_in_bytes=0)
  | sweep-aot-gb64 finished in 0.6 minutes (exit 0).
  | I0813 19:59:58.810158 140611546057856 max_utils.py:830] System Information: Jax Version: 0.10.2
  | I0813 19:59:58.810386 140611546057856 max_utils.py:831] System Information: Jaxlib Version: 0.10.2
  | I0813 19:59:58.810437 140611546057856 max_utils.py:832] System Information: Jax Backend: PJRT C API
  | Memstats: After params initialized:
  | I0813 20:00:10.881877 140611546057856 metric_logger.py:226] completed step: 0, seconds: 0.748, TFLOP/s/device: 66.679, Tokens/s/device: 2737.236, total_weights: 16384, loss: 493.430, lm_loss: 493.430, perplexity: inf
  | I0813 20:00:11.867434 140611546057856 metric_logger.py:226] completed step: 1, seconds: 0.163, TFLOP/s/device: 305.396, Tokens/s/device: 12536.729, total_weights: 16384, loss: 493.430, lm_loss: 493.430, perplexity: inf
  | I0813 20:00:12.852986 140611546057856 metric_logger.py:226] completed step: 2, seconds: 0.915, TFLOP/s/device: 54.544, Tokens/s/device: 2239.083, total_weights: 16384, loss: 493.430, lm_loss: 493.430, perplexity: inf
  | I0813 20:00:13.838482 140611546057856 metric_logger.py:226] completed step: 3, seconds: 0.899, TFLOP/s/device: 55.513, Tokens/s/device: 2278.862, total_weights: 16384, loss: 493.430, lm_loss: 493.430, perplexity: inf
  | I0813 20:00:14.824028 140611546057856 metric_logger.py:226] completed step: 4, seconds: 0.984, TFLOP/s/device: 50.716, Tokens/s/device: 2081.925, total_weights: 16384, loss: 493.430, lm_loss: 493.430, perplexity: inf
  | I0813 20:00:15.809579 140611546057856 metric_logger.py:226] completed step: 5, seconds: 0.985, TFLOP/s/device: 50.647, Tokens/s/device: 2079.091, total_weights: 16384, loss: 493.430, lm_loss: 493.430, perplexity: inf
  | I0813 20:00:16.795213 140611546057856 metric_logger.py:226] completed step: 6, seconds: 0.986, TFLOP/s/device: 50.621, Tokens/s/device: 2078.030, total_weights: 16384, loss: 493.430, lm_loss: 493.430, perplexity: inf
  | I0813 20:00:17.780626 140611546057856 metric_logger.py:226] completed step: 7, seconds: 0.985, TFLOP/s/device: 50.627, Tokens/s/device: 2078.264, total_weights: 16384, loss: 493.430, lm_loss: 493.430, perplexity: inf
  | sweep-gb64 finished in 0.7 minutes (exit 0).
  | I0813 20:00:42.096126 139955183860864 max_utils.py:830] System Information: Jax Version: 0.10.2
  | I0813 20:00:42.096173 139955183860864 max_utils.py:831] System Information: Jaxlib Version: 0.10.2
  | I0813 20:00:42.096220 139955183860864 max_utils.py:832] System Information: Jax Backend: PJRT C API
  | Memory analysis: CompiledMemoryStats(generated_code_size_in_bytes=32586752, argument_size_in_bytes=6034510336, output_size_in_bytes=6033861120, alias_size_in_bytes=6033854976, temp_size_in_bytes=7910301696, host_generated_code_size_in_bytes=0, host_argument_size_in_bytes=0, host_output_size_in_bytes=0, host_alias_size_in_bytes=0, host_temp_size_in_bytes=0)
  | sweep-aot-gb128 finished in 0.5 minutes (exit 0).
  | I0813 20:01:12.616398 140218751601792 max_utils.py:830] System Information: Jax Version: 0.10.2
  | I0813 20:01:12.616595 140218751601792 max_utils.py:831] System Information: Jaxlib Version: 0.10.2
  | I0813 20:01:12.616649 140218751601792 max_utils.py:832] System Information: Jax Backend: PJRT C API
  | Memstats: After params initialized:
  | I0813 20:01:26.577996 140218751601792 metric_logger.py:226] completed step: 0, seconds: 0.732, TFLOP/s/device: 136.241, Tokens/s/device: 5592.786, total_weights: 32768, loss: 494.183, lm_loss: 494.183, perplexity: inf
  | I0813 20:01:28.548752 140218751601792 metric_logger.py:226] completed step: 1, seconds: 0.154, TFLOP/s/device: 648.400, Tokens/s/device: 26617.279, total_weights: 32768, loss: 494.183, lm_loss: 494.183, perplexity: inf
  | I0813 20:01:30.519635 140218751601792 metric_logger.py:226] completed step: 2, seconds: 1.920, TFLOP/s/device: 51.975, Tokens/s/device: 2133.617, total_weights: 32768, loss: 494.183, lm_loss: 494.183, perplexity: inf
  | I0813 20:01:32.490603 140218751601792 metric_logger.py:226] completed step: 3, seconds: 1.872, TFLOP/s/device: 53.294, Tokens/s/device: 2187.763, total_weights: 32768, loss: 494.183, lm_loss: 494.183, perplexity: inf
  | I0813 20:01:34.461496 140218751601792 metric_logger.py:226] completed step: 4, seconds: 1.971, TFLOP/s/device: 50.635, Tokens/s/device: 2078.594, total_weights: 32768, loss: 494.183, lm_loss: 494.183, perplexity: inf
  | I0813 20:01:36.432384 140218751601792 metric_logger.py:226] completed step: 5, seconds: 1.971, TFLOP/s/device: 50.625, Tokens/s/device: 2078.191, total_weights: 32768, loss: 494.183, lm_loss: 494.183, perplexity: inf
  | I0813 20:01:38.403325 140218751601792 metric_logger.py:226] completed step: 6, seconds: 1.971, TFLOP/s/device: 50.621, Tokens/s/device: 2078.009, total_weights: 32768, loss: 494.183, lm_loss: 494.183, perplexity: inf
  | I0813 20:01:40.374220 140218751601792 metric_logger.py:226] completed step: 7, seconds: 1.971, TFLOP/s/device: 50.633, Tokens/s/device: 2078.507, total_weights: 32768, loss: 494.183, lm_loss: 494.183, perplexity: inf
  | sweep-gb128 finished in 0.9 minutes (exit 0).
  | I0813 20:02:04.979328 139991509994624 max_utils.py:830] System Information: Jax Version: 0.10.2
  | I0813 20:02:04.979378 139991509994624 max_utils.py:831] System Information: Jaxlib Version: 0.10.2
  | I0813 20:02:04.979423 139991509994624 max_utils.py:832] System Information: Jax Backend: PJRT C API
  | Memory analysis: CompiledMemoryStats(generated_code_size_in_bytes=28702208, argument_size_in_bytes=6035165696, output_size_in_bytes=6033861120, alias_size_in_bytes=6033854976, temp_size_in_bytes=12616153088, host_generated_code_size_in_bytes=0, host_argument_size_in_bytes=0, host_output_size_in_bytes=0, host_alias_size_in_bytes=0, host_temp_size_in_bytes=0)
  | sweep-aot-gb256 finished in 0.5 minutes (exit 0).
  | I0813 20:02:36.992177 139833844505728 max_utils.py:830] System Information: Jax Version: 0.10.2
  | I0813 20:02:36.992338 139833844505728 max_utils.py:831] System Information: Jaxlib Version: 0.10.2
  | I0813 20:02:36.992387 139833844505728 max_utils.py:832] System Information: Jax Backend: PJRT C API
  | Memstats: After params initialized:
  | I0813 20:02:54.241538 139833844505728 metric_logger.py:226] completed step: 0, seconds: 0.752, TFLOP/s/device: 265.246, Tokens/s/device: 10888.520, total_weights: 65536, loss: 493.260, lm_loss: 493.260, perplexity: inf
  | I0813 20:02:58.280598 139833844505728 metric_logger.py:226] completed step: 1, seconds: 0.166, TFLOP/s/device: 1204.138, Tokens/s/device: 49430.690, total_weights: 65536, loss: 493.260, lm_loss: 493.260, perplexity: inf
  | I0813 20:03:02.319388 139833844505728 metric_logger.py:226] completed step: 2, seconds: 3.968, TFLOP/s/device: 50.290, Tokens/s/device: 2064.449, total_weights: 65536, loss: 493.260, lm_loss: 493.260, perplexity: inf
  | I0813 20:03:06.358324 139833844505728 metric_logger.py:226] completed step: 3, seconds: 3.950, TFLOP/s/device: 50.526, Tokens/s/device: 2074.126, total_weights: 65536, loss: 493.260, lm_loss: 493.260, perplexity: inf
  | I0813 20:03:10.397285 139833844505728 metric_logger.py:226] completed step: 4, seconds: 4.039, TFLOP/s/device: 49.406, Tokens/s/device: 2028.134, total_weights: 65536, loss: 493.260, lm_loss: 493.260, perplexity: inf
  | I0813 20:03:14.436355 139833844505728 metric_logger.py:226] completed step: 5, seconds: 4.037, TFLOP/s/device: 49.428, Tokens/s/device: 2029.069, total_weights: 65536, loss: 493.260, lm_loss: 493.260, perplexity: inf
  | I0813 20:03:18.475231 139833844505728 metric_logger.py:226] completed step: 6, seconds: 4.039, TFLOP/s/device: 49.411, Tokens/s/device: 2028.337, total_weights: 65536, loss: 493.260, lm_loss: 493.260, perplexity: inf
  | I0813 20:03:22.514228 139833844505728 metric_logger.py:226] completed step: 7, seconds: 4.039, TFLOP/s/device: 49.406, Tokens/s/device: 2028.161, total_weights: 65536, loss: 493.260, lm_loss: 493.260, perplexity: inf
  | sweep-gb256 finished in 1.2 minutes (exit 0).
  | I0813 20:03:46.986402 140591182691456 max_utils.py:830] System Information: Jax Version: 0.10.2
  | I0813 20:03:46.986447 140591182691456 max_utils.py:831] System Information: Jaxlib Version: 0.10.2
  | I0813 20:03:46.986491 140591182691456 max_utils.py:832] System Information: Jax Backend: PJRT C API
  | jax.errors.JaxRuntimeError: RESOURCE_EXHAUSTED: Ran out of memory on HBM, the total memory required for HLO temporaries (18.43G) exceeds available HBM (15.75G).
  | sweep-aot-gb512 finished in 0.4 minutes (exit 1).
  | Handled trial failure:
  | jax.errors.JaxRuntimeError: RESOURCE_EXHAUSTED: Ran out of memory on HBM, the total memory required for HLO temporaries (18.43G) exceeds available HBM (15.75G).
  | EXPECTED OOM CONFIRMED: global batch 512 is the first shape past the AOT memory boundary: 18.43 GiB of temporaries; the observed per-chip limit is 15.75 GiB. Finding this boundary is the goal.
  | global_batch,per_device_batch,sequence_length,aot_status,benchmark_status,aot_wall_sec,aot_cost_usd,aot_reported_argument_gib_per_chip,aot_reported_output_gib_per_chip,aot_reported_temporary_gib_per_chip,aot_reported_alias_gib_per_chip,aot_reported_net_output_gib_per_chip,aot_reported_total_gib_per_chip,aot_reported_total_percent_of_limit,aot_reported_host_temporary_gib,oom_required_temporary_gib_
  | 4,0.5,256,fit,measured,30.375371416000007,0.08100099044266669,5.619503498077393,5.619471073150635,2.606779098510742,5.619465351104736,5.7220458984375e-06,8.226288318634033,52.230402023073225,0.0,,,5.64,15.75,35.80952380952381,32.1136716059998,30.7505236059998,0.708666,0.097925,10457.036447507953,31.841838610492548,0.08563645761599946,0.16663744805866615,20.341485358723894,0.2550117024123186
  | 8,1.0,256,fit,measured,30.938955434999798,0.08250388115999946,5.619503498077393,5.619471073150635,2.739898681640625,5.619465351104736,5.7220458984375e-06,8.359407901763916,53.07560572548518,0.0,,,5.64,15.75,35.80952380952381,33.611200556000085,31.944519556000085,0.724671,0.15373124999999999,13322.485282062362,40.567174875171,0.08962986814933356,0.172133749309333,10.50621028499347,0.200162853267108
  | 16,2.0,256,fit,measured,30.415555469000083,0.08110814791733355,5.619541645050049,5.619471073150635,3.383638858795166,5.619465351104736,5.7220458984375e-06,9.003186225891113,57.163087148515004,0.0,,,5.65,15.75,35.87301587301587,32.58854902200005,30.25062202200005,0.731262,0.26664425,15361.354127238592,46.775562217220894,0.08690279739200013,0.1680109453093337,5.127287149332693,0.17359580702186675
  | 32,4.0,256,fit,measured,28.562000872,0.07616533565866665,5.619617938995361,5.619471073150635,3.7288060188293457,5.619465351104736,5.7220458984375e-06,9.348429679870605,59.35510907854353,0.0,,,5.65,15.75,35.87301587301587,38.34790014200007,34.615888142000074,0.757288,0.494642,16561.50892143307,50.43005223035044,0.10226106704533353,0.17842640270400018,2.7225708420410184,0.16101592429271958
  | 64,8.0,256,fit,measured,33.529952631000015,0.08941320701600004,5.619770526885986,5.619471073150635,4.982117176055908,5.619465351104736,5.7220458984375e-06,10.601893424987793,67.31360904754155,0.0,,,5.65,15.75,35.87301587301587,42.926101189000065,36.26144918900006,0.7482,0.9849345,16634.61794297651,50.652670337941714,0.11446960317066683,0.20388281018666687,1.555502397054038,0.16030826050877772
  | 128,16.0,256,fit,measured,30.830857140000035,0.08221561904000009,5.620075702667236,5.619471073150635,7.367042541503906,5.619465351104736,5.7220458984375e-06,12.987123966217041,82.45792994423518,0.0,,,5.65,15.75,35.87301587301587,51.92286140600004,39.36135640600004,0.732372,1.97081775,16626.601025942415,50.6282587008938,0.13846096374933345,0.22067658278933355,0.8418143569539397,0.1603855570062623
  | 256,32.0,256,fit,measured,32.403705932999856,0.08640988248799962,5.620686054229736,5.619471073150635,11.74970817565918,5.619465351104736,5.7220458984375e-06,17.370399951934814,110.28825366307818,0.0,,,5.65,15.75,35.87301587301587,69.81831120000015,44.82808420000015,0.752352,4.038601,16227.402087565642,49.41269172519464,0.18618216320000042,0.27259204568800005,0.5199280656585694,0.1643310896147707
  | 512,64.0,256,oom,,26.579148625000016,0.07087772966666671,,,,,,,,,18.43,15.75,,15.75,,,,,,,,,0.07087772966666671,,
[2026-08-13 20:03:59] cell 11 DONE in 9m 5s
[2026-08-13 20:03:59] cell 13 START: compute_bound = project.analyze_compute_bound()
  | {
  |   "reason": "A lower bound shows whether more tuning can matter; no real step can beat peak hardware.",
  |   "assumptions": [
  |     "Dense-transformer training is approximated as 6 * parameters * tokens FLOPs.",
  |     "All eight chips sustain the published 197 BF16 TFLOP/s peak with no communication or stalls.",
  |     "The bound is optimistic; measured/peak TFLOPs is a utilization proxy, not model FLOPs utilization."
  |   ],
  |   "cases": [
  |     {
  |       "global_batch": 4,
  |       "tokens_per_step": 1024,
  |       "approximate_training_flops": 24714043981824,
  |       "peak_compute_lower_bound_seconds": 0.015681499988467004,
  |       "measured_steady_step_seconds": 0.097925,
  |       "time_efficiency_percent": 16.013786048983413,
  |       "measured_peak_tflops_percent": 16.163369853041903
  |     },
  |     {
  |       "global_batch": 8,
  |       "tokens_per_step": 2048,
  |       "approximate_training_flops": 49428087963648,
  |       "peak_compute_lower_bound_seconds": 0.03136299997693401,
  |       "measured_steady_step_seconds": 0.15373124999999999,
  |       "time_efficiency_percent": 20.401187121638582,
  |       "measured_peak_tflops_percent": 20.592474555924365
  |     },
  |     {
  |       "global_batch": 16,
  |       "tokens_per_step": 4096,
  |       "approximate_training_flops": 98856175927296,
  |       "peak_compute_lower_bound_seconds": 0.06272599995386802,
  |       "measured_steady_step_seconds": 0.26664425,
  |       "time_efficiency_percent": 23.52422748807372,
  |       "measured_peak_tflops_percent": 23.743940211787255
  |     },
  |     {
  |       "global_batch": 32,
  |       "tokens_per_step": 8192,
  |       "approximate_training_flops": 197712351854592,
  |       "peak_compute_lower_bound_seconds": 0.12545199990773603,
  |       "measured_steady_step_seconds": 0.494642,
  |       "time_efficiency_percent": 25.36218111436878,
  |       "measured_peak_tflops_percent": 25.599011284441847
  |     },
  |     {
  |       "global_batch": 64,
  |       "tokens_per_step": 16384,
  |       "approximate_training_flops": 395424703709184,
  |       "peak_compute_lower_bound_seconds": 0.25090399981547207,
  |       "measured_steady_step_seconds": 0.9849345,
  |       "time_efficiency_percent": 25.474181259309333,
  |       "measured_peak_tflops_percent": 25.712015399970415
  |     },
  |     {
  |       "global_batch": 128,
  |       "tokens_per_step": 32768,
  |       "approximate_training_flops": 790849407418368,
  |       "peak_compute_lower_bound_seconds": 0.5018079996309441,
  |       "measured_steady_step_seconds": 1.97081775,
  |       "time_efficiency_percent": 25.46191800997044,
  |       "measured_peak_tflops_percent": 25.699623706037464
  |     },
  |     {
  |       "global_batch": 256,
  |       "tokens_per_step": 65536,
  |       "approximate_training_flops": 1581698814836736,
  |       "peak_compute_lower_bound_seconds": 1.0036159992618883,
  |       "measured_steady_step_seconds": 4.038601,
  |       "time_efficiency_percent": 24.850585617690093,
  |       "measured_peak_tflops_percent": 25.0825846320785
  |     }
  |   ]
  | }
[2026-08-13 20:03:59] cell 13 DONE in 0m 0s
[2026-08-13 20:03:59] cell 15 START: project.capture_profile(...)
  | Profiling global batch 32: the smallest shape within 1% of peak with a compiler-reported total below 90% of the HBM limit (59.4%).
  | I0813 20:04:14.088953 140184723160192 max_utils.py:830] System Information: Jax Version: 0.10.2
  | I0813 20:04:14.089168 140184723160192 max_utils.py:831] System Information: Jaxlib Version: 0.10.2
  | I0813 20:04:14.089218 140184723160192 max_utils.py:832] System Information: Jax Backend: PJRT C API
  | Memstats: After params initialized:
  | I0813 20:04:25.258369 140184723160192 metric_logger.py:226] completed step: 0, seconds: 0.752, TFLOP/s/device: 33.193, Tokens/s/device: 1362.604, total_weights: 8192, loss: 494.061, lm_loss: 494.061, perplexity: inf
  | I0813 20:04:25.753744 140184723160192 metric_logger.py:226] completed step: 1, seconds: 0.282, TFLOP/s/device: 88.530, Tokens/s/device: 3634.221, total_weights: 8192, loss: 494.061, lm_loss: 494.061, perplexity: inf
  | I0813 20:04:26.301099 140184723160192 metric_logger.py:226] completed step: 2, seconds: 0.323, TFLOP/s/device: 77.254, Tokens/s/device: 3171.339, total_weights: 8192, loss: 494.061, lm_loss: 494.061, perplexity: inf
  | I0813 20:04:26.795029 140184723160192 metric_logger.py:226] completed step: 3, seconds: 0.931, TFLOP/s/device: 26.782, Tokens/s/device: 1099.401, total_weights: 8192, loss: 494.061, lm_loss: 494.061, perplexity: inf
  | I0813 20:04:46.993681 140184723160192 metric_logger.py:226] completed step: 4, seconds: 0.011, TFLOP/s/device: 2301.390, Tokens/s/device: 94473.660, total_weights: 8192, loss: 494.061, lm_loss: 494.061, perplexity: inf
  | I0813 20:04:47.004624 140184723160192 metric_logger.py:226] completed step: 5, seconds: 0.492, TFLOP/s/device: 50.673, Tokens/s/device: 2080.151, total_weights: 8192, loss: 494.061, lm_loss: 494.061, perplexity: inf
  | I0813 20:04:47.499032 140184723160192 metric_logger.py:226] completed step: 6, seconds: 20.201, TFLOP/s/device: 1.235, Tokens/s/device: 50.692, total_weights: 8192, loss: 494.061, lm_loss: 494.061, perplexity: inf
  | I0813 20:04:47.994362 140184723160192 metric_logger.py:226] completed step: 7, seconds: 0.007, TFLOP/s/device: 3559.978, Tokens/s/device: 146139.575, total_weights: 8192, loss: 494.061, lm_loss: 494.061, perplexity: inf
  | I0813 20:04:48.489634 140184723160192 metric_logger.py:226] completed step: 8, seconds: 0.494, TFLOP/s/device: 50.515, Tokens/s/device: 2073.685, total_weights: 8192, loss: 494.061, lm_loss: 494.061, perplexity: inf
  | I0813 20:04:48.985018 140184723160192 metric_logger.py:226] completed step: 9, seconds: 0.495, TFLOP/s/device: 50.380, Tokens/s/device: 2068.144, total_weights: 8192, loss: 494.061, lm_loss: 494.061, perplexity: inf
  | xprof finished in 1.0 minutes (exit 0).
  | COPY AND RUN THESE LINES IN A NEW JUPYTER TERMINAL:
  | source /home/student49/me344_final_project/.venv-me344-pretrain/bin/activate
  | xprof --logdir=/home/student49/me344-artifacts/qanh-20260813t194806z/xprof_profile/tensorboard --port=6006
  | # Laptop: open http://127.0.0.1:6006 through the existing SSH tunnels.
  | # In XProf, inspect Overview Page, Trace Viewer, and Roofline Analysis.
  | A traced step can be slower because profiling records extra events. Checkpoint saves and evaluation can also make individual steps longer, so compare ordinary steady steps.
[2026-08-13 20:05:01] cell 15 DONE in 1m 2s
[2026-08-13 20:05:01] cell 18 START: dataset_report = project.prepare_data()
  | Warning: You are sending unauthenticated requests to the HF Hub. Please set a HF_TOKEN to enable higher rate limits and faster downloads.
  | WARNING:huggingface_hub.utils._http:Warning: You are sending unauthenticated requests to the HF Hub. Please set a HF_TOKEN to enable higher rate limits and faster downloads.
  | Generating train split: 0 examples [00:00, ? examples/s]Generating train split: 10003 examples [00:00, 1564749.30 examples/s]
  | Generating test split: 0 examples [00:00, ? examples/s]Generating test split: 3080 examples [00:00, 1104613.62 examples/s]
  | Data review (not copied into the submission):
  | 01. Transfers can take up to one day to process before departing for the beneficiary accounts. Please confirm that you've entered your account details correctly. SE -> pending_transfer
  | 02. Why are the things I bought earlier today still showing as pending? -> pending_card_payment
  | 03. Why does my transfer say it is pending? -> pending_transfer
  | 04. When did you send me my new card? -> card_arrival
  | 05. Transfer unable to be completed, states 'declined' -> declined_transfer
  | 06. I tried to make a transfer but it failed. will you tell me why? -> failed_transfer
  | 07. I got less cash because of the exchange rate. -> wrong_exchange_rate_for_cash_withdrawal
  | 08. Every ATM I visit is rejecting my card and I don't know why. There should be money on it. Can you check it to see if something is wrong or if I'm doing somethin -> declined_cash_withdrawal
  | 09. Explain to me why a transfer would be declined. -> declined_transfer
  | 10. Hi I am trying to transfer money to another country but it is showing pending and it has been a long time.  I have checked numbers and they are correct.  Could  -> pending_transfer
  | 11. Why is a transfer I have still pending? -> pending_transfer
  | 12. There is a payment that I made that hasn't gone through yet. -> pending_card_payment
  | 13. I shouldn't be charged any fee for transferring . -> transfer_fee_charged
  | 14. It's been a week since I ordered my card and it's not here. Please help? -> card_arrival
  | 15. How long does it take for a money transfer to show up? -> pending_transfer
  | 16. Someone has a copy of my card !! I definitely still have it here but someone just made a 500£ cash withdrawal, HELP! -> cash_withdrawal_not_recognised
  | 17. When will my card be here? -> card_delivery_estimate
  | 18. A transfer could not be completed. -> failed_transfer
  | 19. Hi, i found a large amount payment in my old statements which i am sure was not made by me. I am aware that the time has passed but is there a way to raise a di -> direct_debit_payment_not_recognised
  | 20. There is a withdrawal on my account I didn't make. -> cash_withdrawal_not_recognised
  | {
  |   "created_at_utc": "2026-08-13T20:05:06.137941+00:00",
  |   "input_path": "/home/student49/.cache/me344/qanh/source-train.jsonl",
  |   "output_path": "/home/student49/.cache/me344/qanh/messages.jsonl",
  |   "output_sha256": "6aa70ce93844e8298fdbbaea99442f2995272a5e4e03993873a4e66f11886224",
  |   "output_schema": "messages",
  |   "examples_written": 400,
  |   "max_examples": 500,
  |   "message_role_counts": {
  |     "assistant": 400,
  |     "user": 400
  |   },
  |   "duplicate_prompt_count": 0,
  |   "prompt_characters": {
  |     "min": 655,
  |     "p25": 679,
  |     "median": 692,
  |     "p75": 718,
  |     "max": 980,
  |     "mean": 710.265
  |   },
  |   "completion_characters": {
  |     "min": 12,
  |     "p25": 20,
  |     "median": 22,
  |     "p75": 27,
  |     "max": 39,
  |     "mean": 23.45
  |   },
  |   "review_reminder": "Before training, inspect at least 20 examples and check the dataset source, license, filtering, privacy, and possible test-set overlap.",
  |   "dataset_id": "PolyAI/banking77",
  |   "dataset_revision": "8eed2b348ec07d40ffbe91dcc4718e2f0f977714",
  |   "dataset_license": "CC BY 4.0",
  |   "manual_review_required": 20,
  |   "held_out_examples": 20,
  |   "held_out_repetitions": 4,
  |   "held_out_source": "one unused PolyAI/banking77 train row per selected intent",
  |   "release_suite": "PolyAI/banking77 test (40 untouched rows)",
  |   "retention_suite": "openai/gsm8k test[0:16]",
  |   "primary_release_examples": 40,
  |   "retention_release_examples": 16,
  |   "raw_data_in_submission": false
  | }
  | held-out SFT rows=20 x 4 evaluations; release prompts=56
[2026-08-13 20:05:06] cell 18 DONE in 0m 4s
[2026-08-13 20:05:06] cell 20 START: token_budget = project.analyze_token_budget(sequence_length=256)
  | {
  |   "reason": "Sequence length buys coverage but increases activation memory and padded compute.",
  |   "examples": 400,
  |   "sequence_length": 256,
  |   "mean_total_tokens": 162.0525,
  |   "p95_total_tokens": 187.04999999999995,
  |   "max_total_tokens": 217,
  |   "mean_completion_tokens": 6.65,
  |   "truncated_examples": 0,
  |   "truncated_percent": 0.0,
  |   "padded_token_utilization_percent": 63.3017578125,
  |   "padding_tokens_if_unpacked": 37579,
  |   "decision": "Shorten only if saved memory/compute is worth the measured truncation; packing changes this math."
  | }
[2026-08-13 20:05:07] cell 20 DONE in 0m 1s
[2026-08-13 20:05:07] cell 22 START: sft_checkpoint = project.run_sft(steps=200, ...)
  | I0813 20:05:32.402182 139812568857728 max_utils.py:830] System Information: Jax Version: 0.11.0
  | I0813 20:05:32.402355 139812568857728 max_utils.py:831] System Information: Jaxlib Version: 0.11.0
  | I0813 20:05:32.402428 139812568857728 max_utils.py:832] System Information: Jax Backend: PJRT C API
  | I0813 20:06:26.877949 139812568857728 peft_trainer.py:840] Train step 0 eval loss: 0.805836 - eval perplexity: 2.238567
  | I0813 20:08:16.078794 139812568857728 peft_trainer.py:488] Train step 1 training loss: 0.696695  - training perplexity: 2.007108
  | Memstats: After params initialized:
  | I0813 20:08:33.290899 139812568857728 metric_logger.py:226] completed step: 1, seconds: 101.285, TFLOP/s/device: 0.031, Tokens/s/device: 1.264, total_weights: 53, loss: 0.697, lm_loss: 0.000, perplexity: 2.007
  | I0813 20:08:33.307932 139812568857728 peft_trainer.py:488] Train step 2 training loss: 1.450176  - training perplexity: 4.263864
  | I0813 20:08:33.314438 139812568857728 metric_logger.py:226] completed step: 2, seconds: 17.228, TFLOP/s/device: 0.181, Tokens/s/device: 7.430, total_weights: 61, loss: 1.450, lm_loss: 0.000, perplexity: 2.925
  | I0813 20:08:33.413140 139812568857728 peft_trainer.py:488] Train step 3 training loss: 1.673082  - training perplexity: 5.328567
  | I0813 20:08:33.419474 139812568857728 metric_logger.py:226] completed step: 3, seconds: 0.105, TFLOP/s/device: 29.663, Tokens/s/device: 1217.690, total_weights: 48, loss: 1.673, lm_loss: 0.000, perplexity: 3.573
  | I0813 20:08:33.518344 139812568857728 peft_trainer.py:488] Train step 4 training loss: 0.000508  - training perplexity: 1.000508
  | I0813 20:08:33.524714 139812568857728 metric_logger.py:226] completed step: 4, seconds: 0.105, TFLOP/s/device: 29.634, Tokens/s/device: 1216.490, total_weights: 59, loss: 0.001, lm_loss: 0.000, perplexity: 2.599
  | I0813 20:08:33.623686 139812568857728 peft_trainer.py:488] Train step 5 training loss: 0.298752  - training perplexity: 1.348175
  | I0813 20:08:33.630078 139812568857728 metric_logger.py:226] completed step: 5, seconds: 0.105, TFLOP/s/device: 29.573, Tokens/s/device: 1213.981, total_weights: 57, loss: 0.299, lm_loss: 0.000, perplexity: 2.279
  | I0813 20:08:33.728935 139812568857728 peft_trainer.py:488] Train step 6 training loss: 0.013238  - training perplexity: 1.013326
  | I0813 20:08:33.735101 139812568857728 metric_logger.py:226] completed step: 6, seconds: 0.105, TFLOP/s/device: 29.666, Tokens/s/device: 1217.794, total_weights: 50, loss: 0.013, lm_loss: 0.000, perplexity: 1.991
  | I0813 20:08:33.834239 139812568857728 peft_trainer.py:488] Train step 7 training loss: 0.095702  - training perplexity: 1.100431
  | I0813 20:08:33.840474 139812568857728 metric_logger.py:226] completed step: 7, seconds: 0.105, TFLOP/s/device: 29.603, Tokens/s/device: 1215.238, total_weights: 46, loss: 0.096, lm_loss: 0.000, perplexity: 1.829
  | I0813 20:08:33.939659 139812568857728 peft_trainer.py:488] Train step 8 training loss: 0.809157  - training perplexity: 2.246014
  | I0813 20:08:33.945845 139812568857728 metric_logger.py:226] completed step: 8, seconds: 0.105, TFLOP/s/device: 29.565, Tokens/s/device: 1213.677, total_weights: 49, loss: 0.809, lm_loss: 0.000, perplexity: 1.877
  | I0813 20:08:34.044783 139812568857728 peft_trainer.py:488] Train step 9 training loss: 0.153479  - training perplexity: 1.165883
  | I0813 20:08:34.050959 139812568857728 metric_logger.py:226] completed step: 9, seconds: 0.105, TFLOP/s/device: 29.675, Tokens/s/device: 1218.161, total_weights: 53, loss: 0.153, lm_loss: 0.000, perplexity: 1.780
  | I0813 20:08:34.149901 139812568857728 peft_trainer.py:488] Train step 10 training loss: 1.040111  - training perplexity: 2.829531
  | I0813 20:08:34.156081 139812568857728 metric_logger.py:226] completed step: 10, seconds: 0.105, TFLOP/s/device: 29.684, Tokens/s/device: 1218.567, total_weights: 52, loss: 1.040, lm_loss: 0.000, perplexity: 1.865
  | I0813 20:08:34.255229 139812568857728 peft_trainer.py:488] Train step 11 training loss: 1.059530  - training perplexity: 2.885014
  | I0813 20:08:34.261486 139812568857728 metric_logger.py:226] completed step: 11, seconds: 0.105, TFLOP/s/device: 29.574, Tokens/s/device: 1214.042, total_weights: 48, loss: 1.060, lm_loss: 0.000, perplexity: 1.940
  | I0813 20:08:34.360484 139812568857728 peft_trainer.py:488] Train step 12 training loss: 1.396621  - training perplexity: 4.041519
  | I0813 20:08:34.366618 139812568857728 metric_logger.py:226] completed step: 12, seconds: 0.105, TFLOP/s/device: 29.632, Tokens/s/device: 1216.413, total_weights: 62, loss: 1.397, lm_loss: 0.000, perplexity: 2.063
  | I0813 20:08:34.465657 139812568857728 peft_trainer.py:488] Train step 13 training loss: 0.000002  - training perplexity: 1.000002
  | I0813 20:08:34.471930 139812568857728 metric_logger.py:226] completed step: 13, seconds: 0.105, TFLOP/s/device: 29.641, Tokens/s/device: 1216.770, total_weights: 58, loss: 0.000, lm_loss: 0.000, perplexity: 1.951
  | I0813 20:08:34.570903 139812568857728 peft_trainer.py:488] Train step 14 training loss: 1.805652  - training perplexity: 6.083940
  | I0813 20:08:34.577155 139812568857728 metric_logger.py:226] completed step: 14, seconds: 0.105, TFLOP/s/device: 29.633, Tokens/s/device: 1216.464, total_weights: 53, loss: 1.806, lm_loss: 0.000, perplexity: 2.116
  | I0813 20:08:34.676074 139812568857728 peft_trainer.py:488] Train step 15 training loss: 0.127177  - training perplexity: 1.135618
  | I0813 20:08:34.682345 139812568857728 metric_logger.py:226] completed step: 15, seconds: 0.105, TFLOP/s/device: 29.645, Tokens/s/device: 1216.956, total_weights: 50, loss: 0.127, lm_loss: 0.000, perplexity: 2.030
  | I0813 20:08:34.780974 139812568857728 peft_trainer.py:488] Train step 16 training loss: 0.439660  - training perplexity: 1.552179
  | I0813 20:08:34.787165 139812568857728 metric_logger.py:226] completed step: 16, seconds: 0.105, TFLOP/s/device: 29.745, Tokens/s/device: 1221.059, total_weights: 57, loss: 0.440, lm_loss: 0.000, perplexity: 1.996
  | I0813 20:08:34.886262 139812568857728 peft_trainer.py:488] Train step 17 training loss: 0.102274  - training perplexity: 1.107687
  | I0813 20:08:34.892522 139812568857728 metric_logger.py:226] completed step: 17, seconds: 0.105, TFLOP/s/device: 29.589, Tokens/s/device: 1214.648, total_weights: 54, loss: 0.102, lm_loss: 0.000, perplexity: 1.928
  | I0813 20:08:34.991250 139812568857728 peft_trainer.py:488] Train step 18 training loss: 0.807204  - training perplexity: 2.241632
  | I0813 20:08:34.997496 139812568857728 metric_logger.py:226] completed step: 18, seconds: 0.105, TFLOP/s/device: 29.681, Tokens/s/device: 1218.419, total_weights: 63, loss: 0.807, lm_loss: 0.000, perplexity: 1.944
  | I0813 20:08:35.096407 139812568857728 peft_trainer.py:488] Train step 19 training loss: 0.260986  - training perplexity: 1.298209
  | I0813 20:08:35.102635 139812568857728 metric_logger.py:226] completed step: 19, seconds: 0.105, TFLOP/s/device: 29.675, Tokens/s/device: 1218.165, total_weights: 48, loss: 0.261, lm_loss: 0.000, perplexity: 1.903
  | I0813 20:08:35.201404 139812568857728 peft_trainer.py:488] Train step 20 training loss: 0.002817  - training perplexity: 1.002821
  | I0813 20:08:35.207571 139812568857728 metric_logger.py:226] completed step: 20, seconds: 0.105, TFLOP/s/device: 29.692, Tokens/s/device: 1218.893, total_weights: 59, loss: 0.003, lm_loss: 0.000, perplexity: 1.843
  | I0813 20:08:35.306435 139812568857728 peft_trainer.py:488] Train step 21 training loss: 0.092145  - training perplexity: 1.096524
  | I0813 20:08:35.312746 139812568857728 metric_logger.py:226] completed step: 21, seconds: 0.105, TFLOP/s/device: 29.687, Tokens/s/device: 1218.675, total_weights: 54, loss: 0.092, lm_loss: 0.000, perplexity: 1.798
  | I0813 20:08:35.411393 139812568857728 peft_trainer.py:488] Train step 22 training loss: 0.114121  - training perplexity: 1.120888
  | I0813 20:08:35.417558 139812568857728 metric_logger.py:226] completed step: 22, seconds: 0.105, TFLOP/s/device: 29.705, Tokens/s/device: 1219.427, total_weights: 64, loss: 0.114, lm_loss: 0.000, perplexity: 1.760
  | I0813 20:08:35.516749 139812568857728 peft_trainer.py:488] Train step 23 training loss: 0.073632  - training perplexity: 1.076411
  | I0813 20:08:35.522836 139812568857728 metric_logger.py:226] completed step: 23, seconds: 0.105, TFLOP/s/device: 29.611, Tokens/s/device: 1215.540, total_weights: 55, loss: 0.074, lm_loss: 0.000, perplexity: 1.723
  | I0813 20:08:35.621543 139812568857728 peft_trainer.py:488] Train step 24 training loss: 0.294084  - training perplexity: 1.341896
  | I0813 20:08:35.627688 139812568857728 metric_logger.py:226] completed step: 24, seconds: 0.105, TFLOP/s/device: 29.739, Tokens/s/device: 1220.790, total_weights: 50, loss: 0.294, lm_loss: 0.000, perplexity: 1.705
  | I0813 20:08:50.916898 139812568857728 peft_trainer.py:840] Train step 25 eval loss: 0.458716 - eval perplexity: 1.582042
  | I0813 20:08:50.933875 139812568857728 peft_trainer.py:488] Train step 25 training loss: 0.018692  - training perplexity: 1.018868
  | I0813 20:08:50.940342 139812568857728 metric_logger.py:226] completed step: 25, seconds: 15.312, TFLOP/s/device: 0.204, Tokens/s/device: 8.359, total_weights: 54, loss: 0.019, lm_loss: 0.000, perplexity: 1.670
  | I0813 20:08:51.039158 139812568857728 peft_trainer.py:488] Train step 26 training loss: 0.000097  - training perplexity: 1.000097
  | I0813 20:08:51.045565 139812568857728 metric_logger.py:226] completed step: 26, seconds: 0.105, TFLOP/s/device: 29.606, Tokens/s/device: 1215.346, total_weights: 45, loss: 0.000, lm_loss: 0.000, perplexity: 1.638
  | I0813 20:08:51.144110 139812568857728 peft_trainer.py:488] Train step 27 training loss: 0.001355  - training perplexity: 1.001356
  | I0813 20:08:51.150344 139812568857728 metric_logger.py:226] completed step: 27, seconds: 0.105, TFLOP/s/device: 29.724, Tokens/s/device: 1220.206, total_weights: 43, loss: 0.001, lm_loss: 0.000, perplexity: 1.608
  | I0813 20:08:51.249296 139812568857728 peft_trainer.py:488] Train step 28 training loss: 0.403289  - training perplexity: 1.496740
  | I0813 20:08:51.255568 139812568857728 metric_logger.py:226] completed step: 28, seconds: 0.105, TFLOP/s/device: 29.654, Tokens/s/device: 1217.307, total_weights: 51, loss: 0.403, lm_loss: 0.000, perplexity: 1.604
  | I0813 20:08:51.354530 139812568857728 peft_trainer.py:488] Train step 29 training loss: 0.006397  - training perplexity: 1.006417
  | I0813 20:08:51.360769 139812568857728 metric_logger.py:226] completed step: 29, seconds: 0.105, TFLOP/s/device: 29.612, Tokens/s/device: 1215.604, total_weights: 51, loss: 0.006, lm_loss: 0.000, perplexity: 1.578
  | I0813 20:08:51.459618 139812568857728 peft_trainer.py:488] Train step 30 training loss: 0.004524  - training perplexity: 1.004534
  | I0813 20:08:51.465903 139812568857728 metric_logger.py:226] completed step: 30, seconds: 0.105, TFLOP/s/device: 29.666, Tokens/s/device: 1217.801, total_weights: 53, loss: 0.005, lm_loss: 0.000, perplexity: 1.555
  | I0813 20:08:51.564960 139812568857728 peft_trainer.py:488] Train step 31 training loss: 0.005229  - training perplexity: 1.005243
  | I0813 20:08:51.571292 139812568857728 metric_logger.py:226] completed step: 31, seconds: 0.105, TFLOP/s/device: 29.604, Tokens/s/device: 1215.246, total_weights: 51, loss: 0.005, lm_loss: 0.000, perplexity: 1.533
  | I0813 20:08:51.669935 139812568857728 peft_trainer.py:488] Train step 32 training loss: 0.700996  - training perplexity: 2.015760
  | I0813 20:08:51.676213 139812568857728 metric_logger.py:226] completed step: 32, seconds: 0.105, TFLOP/s/device: 29.713, Tokens/s/device: 1219.731, total_weights: 46, loss: 0.701, lm_loss: 0.000, perplexity: 1.546
  | I0813 20:08:51.775171 139812568857728 peft_trainer.py:488] Train step 33 training loss: 0.776797  - training perplexity: 2.174496
  | I0813 20:08:51.781524 139812568857728 metric_logger.py:226] completed step: 33, seconds: 0.105, TFLOP/s/device: 29.619, Tokens/s/device: 1215.897, total_weights: 47, loss: 0.777, lm_loss: 0.000, perplexity: 1.562
  | I0813 20:08:51.880594 139812568857728 peft_trainer.py:488] Train step 34 training loss: 0.086054  - training perplexity: 1.089865
  | I0813 20:08:51.887060 139812568857728 metric_logger.py:226] completed step: 34, seconds: 0.105, TFLOP/s/device: 29.577, Tokens/s/device: 1214.144, total_weights: 58, loss: 0.086, lm_loss: 0.000, perplexity: 1.546
  | I0813 20:08:51.985985 139812568857728 peft_trainer.py:488] Train step 35 training loss: 0.039285  - training perplexity: 1.040067
  | I0813 20:08:51.992520 139812568857728 metric_logger.py:226] completed step: 35, seconds: 0.105, TFLOP/s/device: 29.591, Tokens/s/device: 1214.739, total_weights: 52, loss: 0.039, lm_loss: 0.000, perplexity: 1.528
  | I0813 20:08:52.091190 139812568857728 peft_trainer.py:488] Train step 36 training loss: 0.053806  - training perplexity: 1.055280
  | I0813 20:08:52.097439 139812568857728 metric_logger.py:226] completed step: 36, seconds: 0.105, TFLOP/s/device: 29.649, Tokens/s/device: 1217.118, total_weights: 52, loss: 0.054, lm_loss: 0.000, perplexity: 1.513
  | I0813 20:08:52.198296 139812568857728 peft_trainer.py:488] Train step 37 training loss: 0.044571  - training perplexity: 1.045580
  | I0813 20:08:52.204679 139812568857728 metric_logger.py:226] completed step: 37, seconds: 0.107, TFLOP/s/device: 29.100, Tokens/s/device: 1194.582, total_weights: 50, loss: 0.045, lm_loss: 0.000, perplexity: 1.498
  | I0813 20:08:52.303654 139812568857728 peft_trainer.py:488] Train step 38 training loss: 0.218761  - training perplexity: 1.244534
  | I0813 20:08:52.310006 139812568857728 metric_logger.py:226] completed step: 38, seconds: 0.105, TFLOP/s/device: 29.601, Tokens/s/device: 1215.145, total_weights: 61, loss: 0.219, lm_loss: 0.000, perplexity: 1.491
  | I0813 20:08:52.408844 139812568857728 peft_trainer.py:488] Train step 39 training loss: 0.031141  - training perplexity: 1.031631
  | I0813 20:08:52.415331 139812568857728 metric_logger.py:226] completed step: 39, seconds: 0.105, TFLOP/s/device: 29.630, Tokens/s/device: 1216.318, total_weights: 53, loss: 0.031, lm_loss: 0.000, perplexity: 1.477
  | I0813 20:08:52.513914 139812568857728 peft_trainer.py:488] Train step 40 training loss: 0.272925  - training perplexity: 1.313802
  | I0813 20:08:52.520314 139812568857728 metric_logger.py:226] completed step: 40, seconds: 0.105, TFLOP/s/device: 29.681, Tokens/s/device: 1218.419, total_weights: 57, loss: 0.273, lm_loss: 0.000, perplexity: 1.472
  | I0813 20:08:52.619043 139812568857728 peft_trainer.py:488] Train step 41 training loss: 0.319550  - training perplexity: 1.376508
  | I0813 20:08:52.625372 139812568857728 metric_logger.py:226] completed step: 41, seconds: 0.105, TFLOP/s/device: 29.649, Tokens/s/device: 1217.093, total_weights: 53, loss: 0.320, lm_loss: 0.000, perplexity: 1.470
  | I0813 20:08:52.724267 139812568857728 peft_trainer.py:488] Train step 42 training loss: 0.483688  - training perplexity: 1.622046
  | I0813 20:08:52.730660 139812568857728 metric_logger.py:226] completed step: 42, seconds: 0.105, TFLOP/s/device: 29.647, Tokens/s/device: 1217.012, total_weights: 55, loss: 0.484, lm_loss: 0.000, perplexity: 1.473
  | I0813 20:08:52.829621 139812568857728 peft_trainer.py:488] Train step 43 training loss: 0.011103  - training perplexity: 1.011164
  | I0813 20:08:52.836056 139812568857728 metric_logger.py:226] completed step: 43, seconds: 0.105, TFLOP/s/device: 29.584, Tokens/s/device: 1214.434, total_weights: 47, loss: 0.011, lm_loss: 0.000, perplexity: 1.460
  | I0813 20:08:52.934691 139812568857728 peft_trainer.py:488] Train step 44 training loss: 0.246979  - training perplexity: 1.280151
  | I0813 20:08:52.941018 139812568857728 metric_logger.py:226] completed step: 44, seconds: 0.105, TFLOP/s/device: 29.686, Tokens/s/device: 1218.614, total_weights: 54, loss: 0.247, lm_loss: 0.000, perplexity: 1.456
  | I0813 20:08:53.040125 139812568857728 peft_trainer.py:488] Train step 45 training loss: 0.296650  - training perplexity: 1.345344
  | I0813 20:08:53.046689 139812568857728 metric_logger.py:226] completed step: 45, seconds: 0.105, TFLOP/s/device: 29.565, Tokens/s/device: 1213.673, total_weights: 56, loss: 0.297, lm_loss: 0.000, perplexity: 1.453
  | I0813 20:08:53.145275 139812568857728 peft_trainer.py:488] Train step 46 training loss: 0.426715  - training perplexity: 1.532215
  | I0813 20:08:53.151658 139812568857728 metric_logger.py:226] completed step: 46, seconds: 0.105, TFLOP/s/device: 29.660, Tokens/s/device: 1217.552, total_weights: 58, loss: 0.427, lm_loss: 0.000, perplexity: 1.455
  | I0813 20:08:53.250477 139812568857728 peft_trainer.py:488] Train step 47 training loss: 0.437187  - training perplexity: 1.548346
  | I0813 20:08:53.256904 139812568857728 metric_logger.py:226] completed step: 47, seconds: 0.105, TFLOP/s/device: 29.636, Tokens/s/device: 1216.595, total_weights: 52, loss: 0.437, lm_loss: 0.000, perplexity: 1.457
  | I0813 20:08:53.355778 139812568857728 peft_trainer.py:488] Train step 48 training loss: 0.016577  - training perplexity: 1.016715
  | I0813 20:08:53.362138 139812568857728 metric_logger.py:226] completed step: 48, seconds: 0.105, TFLOP/s/device: 29.611, Tokens/s/device: 1215.532, total_weights: 57, loss: 0.017, lm_loss: 0.000, perplexity: 1.446
  | I0813 20:08:53.460809 139812568857728 peft_trainer.py:488] Train step 49 training loss: 0.032245  - training perplexity: 1.032770
  | I0813 20:08:53.467097 139812568857728 metric_logger.py:226] completed step: 49, seconds: 0.105, TFLOP/s/device: 29.689, Tokens/s/device: 1218.763, total_weights: 51, loss: 0.032, lm_loss: 0.000, perplexity: 1.436
  | I0813 20:09:08.847908 139812568857728 peft_trainer.py:840] Train step 50 eval loss: 0.320352 - eval perplexity: 1.377612
  | I0813 20:09:08.865057 139812568857728 peft_trainer.py:488] Train step 50 training loss: 0.005556  - training perplexity: 1.005572
  | I0813 20:09:08.871637 139812568857728 metric_logger.py:226] completed step: 50, seconds: 15.404, TFLOP/s/device: 0.202, Tokens/s/device: 8.309, total_weights: 50, loss: 0.006, lm_loss: 0.000, perplexity: 1.426
  | I0813 20:09:08.970046 139812568857728 peft_trainer.py:488] Train step 51 training loss: 0.005059  - training perplexity: 1.005072
  | I0813 20:09:08.976372 139812568857728 metric_logger.py:226] completed step: 51, seconds: 0.105, TFLOP/s/device: 29.711, Tokens/s/device: 1219.637, total_weights: 55, loss: 0.005, lm_loss: 0.000, perplexity: 1.416
  | I0813 20:09:09.075212 139812568857728 peft_trainer.py:488] Train step 52 training loss: 0.006569  - training perplexity: 1.006590
  | I0813 20:09:09.081637 139812568857728 metric_logger.py:226] completed step: 52, seconds: 0.105, TFLOP/s/device: 29.639, Tokens/s/device: 1216.706, total_weights: 67, loss: 0.007, lm_loss: 0.000, perplexity: 1.407
  | I0813 20:09:09.180592 139812568857728 peft_trainer.py:488] Train step 53 training loss: 0.122633  - training perplexity: 1.130470
  | I0813 20:09:09.186974 139812568857728 metric_logger.py:226] completed step: 53, seconds: 0.105, TFLOP/s/device: 29.593, Tokens/s/device: 1214.811, total_weights: 57, loss: 0.123, lm_loss: 0.000, perplexity: 1.401
  | I0813 20:09:09.285625 139812568857728 peft_trainer.py:488] Train step 54 training loss: 0.069746  - training perplexity: 1.072236
  | I0813 20:09:09.292092 139812568857728 metric_logger.py:226] completed step: 54, seconds: 0.105, TFLOP/s/device: 29.693, Tokens/s/device: 1218.913, total_weights: 54, loss: 0.070, lm_loss: 0.000, perplexity: 1.394
  | I0813 20:09:09.390881 139812568857728 peft_trainer.py:488] Train step 55 training loss: 0.377329  - training perplexity: 1.458384
  | I0813 20:09:09.397249 139812568857728 metric_logger.py:226] completed step: 55, seconds: 0.105, TFLOP/s/device: 29.618, Tokens/s/device: 1215.827, total_weights: 51, loss: 0.377, lm_loss: 0.000, perplexity: 1.395
  | I0813 20:09:09.496087 139812568857728 peft_trainer.py:488] Train step 56 training loss: 0.000545  - training perplexity: 1.000545
  | I0813 20:09:09.502432 139812568857728 metric_logger.py:226] completed step: 56, seconds: 0.105, TFLOP/s/device: 29.643, Tokens/s/device: 1216.869, total_weights: 43, loss: 0.001, lm_loss: 0.000, perplexity: 1.387
  | I0813 20:09:09.601166 139812568857728 peft_trainer.py:488] Train step 57 training loss: 0.020195  - training perplexity: 1.020400
  | I0813 20:09:09.607554 139812568857728 metric_logger.py:226] completed step: 57, seconds: 0.105, TFLOP/s/device: 29.675, Tokens/s/device: 1218.174, total_weights: 55, loss: 0.020, lm_loss: 0.000, perplexity: 1.380
  | I0813 20:09:09.706345 139812568857728 peft_trainer.py:488] Train step 58 training loss: 0.011483  - training perplexity: 1.011549
  | I0813 20:09:09.712685 139812568857728 metric_logger.py:226] completed step: 58, seconds: 0.105, TFLOP/s/device: 29.640, Tokens/s/device: 1216.724, total_weights: 49, loss: 0.011, lm_loss: 0.000, perplexity: 1.372
  | I0813 20:09:09.811820 139812568857728 peft_trainer.py:488] Train step 59 training loss: 0.288868  - training perplexity: 1.334915
  | I0813 20:09:09.818319 139812568857728 metric_logger.py:226] completed step: 59, seconds: 0.105, TFLOP/s/device: 29.563, Tokens/s/device: 1213.577, total_weights: 55, loss: 0.289, lm_loss: 0.000, perplexity: 1.372
  | I0813 20:09:09.917058 139812568857728 peft_trainer.py:488] Train step 60 training loss: 0.546734  - training perplexity: 1.727601
  | I0813 20:09:09.923479 139812568857728 metric_logger.py:226] completed step: 60, seconds: 0.105, TFLOP/s/device: 29.627, Tokens/s/device: 1216.219, total_weights: 51, loss: 0.547, lm_loss: 0.000, perplexity: 1.377
  | I0813 20:09:10.022339 139812568857728 peft_trainer.py:488] Train step 61 training loss: 0.216452  - training perplexity: 1.241663
  | I0813 20:09:10.028833 139812568857728 metric_logger.py:226] completed step: 61, seconds: 0.105, TFLOP/s/device: 29.614, Tokens/s/device: 1215.667, total_weights: 64, loss: 0.216, lm_loss: 0.000, perplexity: 1.375
  | I0813 20:09:10.127394 139812568857728 peft_trainer.py:488] Train step 62 training loss: 0.402003  - training perplexity: 1.494816
  | I0813 20:09:10.133853 139812568857728 metric_logger.py:226] completed step: 62, seconds: 0.105, TFLOP/s/device: 29.679, Tokens/s/device: 1218.352, total_weights: 53, loss: 0.402, lm_loss: 0.000, perplexity: 1.377
  | I0813 20:09:10.232531 139812568857728 peft_trainer.py:488] Train step 63 training loss: 0.494635  - training perplexity: 1.639899
  | I0813 20:09:10.238983 139812568857728 metric_logger.py:226] completed step: 63, seconds: 0.105, TFLOP/s/device: 29.653, Tokens/s/device: 1217.296, total_weights: 60, loss: 0.495, lm_loss: 0.000, perplexity: 1.380
  | I0813 20:09:10.337665 139812568857728 peft_trainer.py:488] Train step 64 training loss: 0.161450  - training perplexity: 1.175213
  | I0813 20:09:10.344094 139812568857728 metric_logger.py:226] completed step: 64, seconds: 0.105, TFLOP/s/device: 29.668, Tokens/s/device: 1217.903, total_weights: 49, loss: 0.161, lm_loss: 0.000, perplexity: 1.377
  | I0813 20:09:10.442520 139812568857728 peft_trainer.py:488] Train step 65 training loss: 0.000329  - training perplexity: 1.000329
  | I0813 20:09:10.448987 139812568857728 metric_logger.py:226] completed step: 65, seconds: 0.105, TFLOP/s/device: 29.733, Tokens/s/device: 1220.579, total_weights: 58, loss: 0.000, lm_loss: 0.000, perplexity: 1.370
  | I0813 20:09:10.547633 139812568857728 peft_trainer.py:488] Train step 66 training loss: 0.069690  - training perplexity: 1.072176
  | I0813 20:09:10.554082 139812568857728 metric_logger.py:226] completed step: 66, seconds: 0.105, TFLOP/s/device: 29.656, Tokens/s/device: 1217.383, total_weights: 54, loss: 0.070, lm_loss: 0.000, perplexity: 1.365
  | I0813 20:09:10.652737 139812568857728 peft_trainer.py:488] Train step 67 training loss: 0.006984  - training perplexity: 1.007008
  | I0813 20:09:10.659357 139812568857728 metric_logger.py:226] completed step: 67, seconds: 0.105, TFLOP/s/device: 29.658, Tokens/s/device: 1217.492, total_weights: 59, loss: 0.007, lm_loss: 0.000, perplexity: 1.359
  | I0813 20:09:10.758304 139812568857728 peft_trainer.py:488] Train step 68 training loss: 0.087087  - training perplexity: 1.090992
  | I0813 20:09:10.764861 139812568857728 metric_logger.py:226] completed step: 68, seconds: 0.106, TFLOP/s/device: 29.549, Tokens/s/device: 1213.016, total_weights: 49, loss: 0.087, lm_loss: 0.000, perplexity: 1.355
  | I0813 20:09:10.863455 139812568857728 peft_trainer.py:488] Train step 69 training loss: 0.189230  - training perplexity: 1.208319
  | I0813 20:09:10.869959 139812568857728 metric_logger.py:226] completed step: 69, seconds: 0.105, TFLOP/s/device: 29.640, Tokens/s/device: 1216.751, total_weights: 50, loss: 0.189, lm_loss: 0.000, perplexity: 1.352
  | I0813 20:09:10.968528 139812568857728 peft_trainer.py:488] Train step 70 training loss: 0.197215  - training perplexity: 1.218006
  | I0813 20:09:10.974976 139812568857728 metric_logger.py:226] completed step: 70, seconds: 0.105, TFLOP/s/device: 29.687, Tokens/s/device: 1218.663, total_weights: 46, loss: 0.197, lm_loss: 0.000, perplexity: 1.350
  | I0813 20:09:11.074065 139812568857728 peft_trainer.py:488] Train step 71 training loss: 0.148446  - training perplexity: 1.160030
  | I0813 20:09:11.080592 139812568857728 metric_logger.py:226] completed step: 71, seconds: 0.106, TFLOP/s/device: 29.550, Tokens/s/device: 1213.046, total_weights: 56, loss: 0.148, lm_loss: 0.000, perplexity: 1.347
  | I0813 20:09:11.179201 139812568857728 peft_trainer.py:488] Train step 72 training loss: 0.040648  - training perplexity: 1.041486
  | I0813 20:09:11.185750 139812568857728 metric_logger.py:226] completed step: 72, seconds: 0.105, TFLOP/s/device: 29.644, Tokens/s/device: 1216.887, total_weights: 49, loss: 0.041, lm_loss: 0.000, perplexity: 1.343
  | I0813 20:09:11.284352 139812568857728 peft_trainer.py:488] Train step 73 training loss: 0.032935  - training perplexity: 1.033484
  | I0813 20:09:11.290820 139812568857728 metric_logger.py:226] completed step: 73, seconds: 0.105, TFLOP/s/device: 29.663, Tokens/s/device: 1217.676, total_weights: 47, loss: 0.033, lm_loss: 0.000, perplexity: 1.338
  | I0813 20:09:11.389384 139812568857728 peft_trainer.py:488] Train step 74 training loss: 0.000234  - training perplexity: 1.000234
  | I0813 20:09:11.395996 139812568857728 metric_logger.py:226] completed step: 74, seconds: 0.105, TFLOP/s/device: 29.688, Tokens/s/device: 1218.728, total_weights: 53, loss: 0.000, lm_loss: 0.000, perplexity: 1.333
  | I0813 20:09:26.987489 139812568857728 peft_trainer.py:840] Train step 75 eval loss: 0.259639 - eval perplexity: 1.296462
  | I0813 20:09:27.004327 139812568857728 peft_trainer.py:488] Train step 75 training loss: 0.035678  - training perplexity: 1.036322
  | I0813 20:09:27.010957 139812568857728 metric_logger.py:226] completed step: 75, seconds: 15.615, TFLOP/s/device: 0.200, Tokens/s/device: 8.197, total_weights: 40, loss: 0.036, lm_loss: 0.000, perplexity: 1.328
  | I0813 20:09:27.109446 139812568857728 peft_trainer.py:488] Train step 76 training loss: 0.107499  - training perplexity: 1.113489
  | I0813 20:09:27.115841 139812568857728 metric_logger.py:226] completed step: 76, seconds: 0.105, TFLOP/s/device: 29.661, Tokens/s/device: 1217.589, total_weights: 57, loss: 0.107, lm_loss: 0.000, perplexity: 1.325
  | I0813 20:09:27.214571 139812568857728 peft_trainer.py:488] Train step 77 training loss: 0.146815  - training perplexity: 1.158139
  | I0813 20:09:27.221009 139812568857728 metric_logger.py:226] completed step: 77, seconds: 0.105, TFLOP/s/device: 29.662, Tokens/s/device: 1217.630, total_weights: 54, loss: 0.147, lm_loss: 0.000, perplexity: 1.323
  | I0813 20:09:27.319581 139812568857728 peft_trainer.py:488] Train step 78 training loss: 0.009907  - training perplexity: 1.009956
  | I0813 20:09:27.326095 139812568857728 metric_logger.py:226] completed step: 78, seconds: 0.105, TFLOP/s/device: 29.688, Tokens/s/device: 1218.693, total_weights: 55, loss: 0.010, lm_loss: 0.000, perplexity: 1.318
  | I0813 20:09:27.424443 139812568857728 peft_trainer.py:488] Train step 79 training loss: 0.004949  - training perplexity: 1.004961
  | I0813 20:09:27.430888 139812568857728 metric_logger.py:226] completed step: 79, seconds: 0.105, TFLOP/s/device: 29.750, Tokens/s/device: 1221.245, total_weights: 46, loss: 0.005, lm_loss: 0.000, perplexity: 1.314
  | I0813 20:09:27.529582 139812568857728 peft_trainer.py:488] Train step 80 training loss: 0.000470  - training perplexity: 1.000470
  | I0813 20:09:27.536103 139812568857728 metric_logger.py:226] completed step: 80, seconds: 0.105, TFLOP/s/device: 29.648, Tokens/s/device: 1217.054, total_weights: 44, loss: 0.000, lm_loss: 0.000, perplexity: 1.309
  | I0813 20:09:27.634537 139812568857728 peft_trainer.py:488] Train step 81 training loss: 0.012489  - training perplexity: 1.012567
  | I0813 20:09:27.641081 139812568857728 metric_logger.py:226] completed step: 81, seconds: 0.105, TFLOP/s/device: 29.713, Tokens/s/device: 1219.720, total_weights: 59, loss: 0.012, lm_loss: 0.000, perplexity: 1.305
  | I0813 20:09:27.739652 139812568857728 peft_trainer.py:488] Train step 82 training loss: 0.000943  - training perplexity: 1.000944
  | I0813 20:09:27.746211 139812568857728 metric_logger.py:226] completed step: 82, seconds: 0.105, TFLOP/s/device: 29.649, Tokens/s/device: 1217.113, total_weights: 58, loss: 0.001, lm_loss: 0.000, perplexity: 1.301
  | I0813 20:09:27.844751 139812568857728 peft_trainer.py:488] Train step 83 training loss: 0.043946  - training perplexity: 1.044926
  | I0813 20:09:27.851186 139812568857728 metric_logger.py:226] completed step: 83, seconds: 0.105, TFLOP/s/device: 29.683, Tokens/s/device: 1218.488, total_weights: 62, loss: 0.044, lm_loss: 0.000, perplexity: 1.297
  | I0813 20:09:27.949801 139812568857728 peft_trainer.py:488] Train step 84 training loss: 0.364295  - training perplexity: 1.439499
  | I0813 20:09:27.956330 139812568857728 metric_logger.py:226] completed step: 84, seconds: 0.105, TFLOP/s/device: 29.677, Tokens/s/device: 1218.244, total_weights: 53, loss: 0.364, lm_loss: 0.000, perplexity: 1.299
  | I0813 20:09:28.054845 139812568857728 peft_trainer.py:488] Train step 85 training loss: 0.000557  - training perplexity: 1.000557
  | I0813 20:09:28.061519 139812568857728 metric_logger.py:226] completed step: 85, seconds: 0.105, TFLOP/s/device: 29.684, Tokens/s/device: 1218.548, total_weights: 51, loss: 0.001, lm_loss: 0.000, perplexity: 1.295
  | I0813 20:09:28.159919 139812568857728 peft_trainer.py:488] Train step 86 training loss: 0.000651  - training perplexity: 1.000651
  | I0813 20:09:28.166487 139812568857728 metric_logger.py:226] completed step: 86, seconds: 0.105, TFLOP/s/device: 29.658, Tokens/s/device: 1217.487, total_weights: 44, loss: 0.001, lm_loss: 0.000, perplexity: 1.291
  | I0813 20:09:28.265063 139812568857728 peft_trainer.py:488] Train step 87 training loss: 0.000222  - training perplexity: 1.000222
  | I0813 20:09:28.271601 139812568857728 metric_logger.py:226] completed step: 87, seconds: 0.105, TFLOP/s/device: 29.674, Tokens/s/device: 1218.130, total_weights: 56, loss: 0.000, lm_loss: 0.000, perplexity: 1.287
  | I0813 20:09:28.370223 139812568857728 peft_trainer.py:488] Train step 88 training loss: 0.058222  - training perplexity: 1.059950
  | I0813 20:09:28.376846 139812568857728 metric_logger.py:226] completed step: 88, seconds: 0.105, TFLOP/s/device: 29.652, Tokens/s/device: 1217.220, total_weights: 64, loss: 0.058, lm_loss: 0.000, perplexity: 1.284
  | I0813 20:09:28.475269 139812568857728 peft_trainer.py:488] Train step 89 training loss: 0.000230  - training perplexity: 1.000230
  | I0813 20:09:28.481793 139812568857728 metric_logger.py:226] completed step: 89, seconds: 0.105, TFLOP/s/device: 29.677, Tokens/s/device: 1218.270, total_weights: 47, loss: 0.000, lm_loss: 0.000, perplexity: 1.281
  | I0813 20:09:28.580307 139812568857728 peft_trainer.py:488] Train step 90 training loss: 0.000251  - training perplexity: 1.000252
  | I0813 20:09:28.586802 139812568857728 metric_logger.py:226] completed step: 90, seconds: 0.105, TFLOP/s/device: 29.694, Tokens/s/device: 1218.972, total_weights: 55, loss: 0.000, lm_loss: 0.000, perplexity: 1.277
  | I0813 20:09:28.685431 139812568857728 peft_trainer.py:488] Train step 91 training loss: 0.000187  - training perplexity: 1.000187
  | I0813 20:09:28.692021 139812568857728 metric_logger.py:226] completed step: 91, seconds: 0.105, TFLOP/s/device: 29.655, Tokens/s/device: 1217.369, total_weights: 51, loss: 0.000, lm_loss: 0.000, perplexity: 1.274
  | I0813 20:09:28.790707 139812568857728 peft_trainer.py:488] Train step 92 training loss: 0.006726  - training perplexity: 1.006749
  | I0813 20:09:28.797264 139812568857728 metric_logger.py:226] completed step: 92, seconds: 0.105, TFLOP/s/device: 29.620, Tokens/s/device: 1215.918, total_weights: 58, loss: 0.007, lm_loss: 0.000, perplexity: 1.271
  | I0813 20:09:28.895804 139812568857728 peft_trainer.py:488] Train step 93 training loss: 0.117534  - training perplexity: 1.124720
  | I0813 20:09:28.902351 139812568857728 metric_logger.py:226] completed step: 93, seconds: 0.105, TFLOP/s/device: 29.670, Tokens/s/device: 1217.966, total_weights: 48, loss: 0.118, lm_loss: 0.000, perplexity: 1.269
  | I0813 20:09:29.000964 139812568857728 peft_trainer.py:488] Train step 94 training loss: 0.000602  - training perplexity: 1.000602
  | I0813 20:09:29.007438 139812568857728 metric_logger.py:226] completed step: 94, seconds: 0.105, TFLOP/s/device: 29.644, Tokens/s/device: 1216.912, total_weights: 52, loss: 0.001, lm_loss: 0.000, perplexity: 1.266
  | I0813 20:09:29.106255 139812568857728 peft_trainer.py:488] Train step 95 training loss: 0.393916  - training perplexity: 1.482776
  | I0813 20:09:29.112762 139812568857728 metric_logger.py:226] completed step: 95, seconds: 0.105, TFLOP/s/device: 29.616, Tokens/s/device: 1215.756, total_weights: 57, loss: 0.394, lm_loss: 0.000, perplexity: 1.268
  | I0813 20:09:29.211287 139812568857728 peft_trainer.py:488] Train step 96 training loss: 0.407911  - training perplexity: 1.503673
  | I0813 20:09:29.217666 139812568857728 metric_logger.py:226] completed step: 96, seconds: 0.105, TFLOP/s/device: 29.707, Tokens/s/device: 1219.512, total_weights: 53, loss: 0.408, lm_loss: 0.000, perplexity: 1.270
  | I0813 20:09:29.316583 139812568857728 peft_trainer.py:488] Train step 97 training loss: 0.516219  - training perplexity: 1.675679
  | I0813 20:09:29.323117 139812568857728 metric_logger.py:226] completed step: 97, seconds: 0.105, TFLOP/s/device: 29.599, Tokens/s/device: 1215.052, total_weights: 49, loss: 0.516, lm_loss: 0.000, perplexity: 1.274
  | I0813 20:09:29.421647 139812568857728 peft_trainer.py:488] Train step 98 training loss: 0.000062  - training perplexity: 1.000062
  | I0813 20:09:29.428309 139812568857728 metric_logger.py:226] completed step: 98, seconds: 0.105, TFLOP/s/device: 29.654, Tokens/s/device: 1217.310, total_weights: 58, loss: 0.000, lm_loss: 0.000, perplexity: 1.271
  | I0813 20:09:29.526722 139812568857728 peft_trainer.py:488] Train step 99 training loss: 0.000867  - training perplexity: 1.000867
  | I0813 20:09:29.533386 139812568857728 metric_logger.py:226] completed step: 99, seconds: 0.105, TFLOP/s/device: 29.690, Tokens/s/device: 1218.794, total_weights: 48, loss: 0.001, lm_loss: 0.000, perplexity: 1.268
  | I0813 20:09:45.125230 139812568857728 peft_trainer.py:840] Train step 100 eval loss: 0.229811 - eval perplexity: 1.258363
  | I0813 20:09:45.283923 139812568857728 peft_trainer.py:488] Train step 100 training loss: 0.229717  - training perplexity: 1.258244
  | I0813 20:09:45.354894 139812568857728 metric_logger.py:226] completed step: 100, seconds: 15.821, TFLOP/s/device: 0.197, Tokens/s/device: 8.090, total_weights: 57, loss: 0.230, lm_loss: 0.000, perplexity: 1.267
  | I0813 20:09:45.438411 139812568857728 peft_trainer.py:488] Train step 101 training loss: 0.015853  - training perplexity: 1.015979
  | I0813 20:09:45.444997 139812568857728 metric_logger.py:226] completed step: 101, seconds: 0.091, TFLOP/s/device: 34.428, Tokens/s/device: 1413.307, total_weights: 52, loss: 0.016, lm_loss: 0.000, perplexity: 1.265
  | I0813 20:09:45.543574 139812568857728 peft_trainer.py:488] Train step 102 training loss: 0.345182  - training perplexity: 1.412247
  | I0813 20:09:45.550297 139812568857728 metric_logger.py:226] completed step: 102, seconds: 0.105, TFLOP/s/device: 29.639, Tokens/s/device: 1216.703, total_weights: 51, loss: 0.345, lm_loss: 0.000, perplexity: 1.266
  | I0813 20:09:45.648601 139812568857728 peft_trainer.py:488] Train step 103 training loss: 0.000098  - training perplexity: 1.000098
  | I0813 20:09:45.655285 139812568857728 metric_logger.py:226] completed step: 103, seconds: 0.105, TFLOP/s/device: 29.702, Tokens/s/device: 1219.287, total_weights: 55, loss: 0.000, lm_loss: 0.000, perplexity: 1.263
  | I0813 20:09:45.753760 139812568857728 peft_trainer.py:488] Train step 104 training loss: 0.000384  - training perplexity: 1.000384
  | I0813 20:09:45.760489 139812568857728 metric_logger.py:226] completed step: 104, seconds: 0.105, TFLOP/s/device: 29.646, Tokens/s/device: 1216.979, total_weights: 46, loss: 0.000, lm_loss: 0.000, perplexity: 1.260
  | I0813 20:09:45.859068 139812568857728 peft_trainer.py:488] Train step 105 training loss: 0.000012  - training perplexity: 1.000012
  | I0813 20:09:45.865821 139812568857728 metric_logger.py:226] completed step: 105, seconds: 0.105, TFLOP/s/device: 29.596, Tokens/s/device: 1214.918, total_weights: 55, loss: 0.000, lm_loss: 0.000, perplexity: 1.258
  | I0813 20:09:45.964010 139812568857728 peft_trainer.py:488] Train step 106 training loss: 0.163110  - training perplexity: 1.177166
  | I0813 20:09:45.970710 139812568857728 metric_logger.py:226] completed step: 106, seconds: 0.105, TFLOP/s/device: 29.725, Tokens/s/device: 1220.226, total_weights: 60, loss: 0.163, lm_loss: 0.000, perplexity: 1.257
  | I0813 20:09:46.069312 139812568857728 peft_trainer.py:488] Train step 107 training loss: 0.402809  - training perplexity: 1.496021
  | I0813 20:09:46.075971 139812568857728 metric_logger.py:226] completed step: 107, seconds: 0.105, TFLOP/s/device: 29.616, Tokens/s/device: 1215.764, total_weights: 52, loss: 0.403, lm_loss: 0.000, perplexity: 1.259
  | I0813 20:09:46.174560 139812568857728 peft_trainer.py:488] Train step 108 training loss: 0.091018  - training perplexity: 1.095289
  | I0813 20:09:46.181217 139812568857728 metric_logger.py:226] completed step: 108, seconds: 0.105, TFLOP/s/device: 29.618, Tokens/s/device: 1215.850, total_weights: 52, loss: 0.091, lm_loss: 0.000, perplexity: 1.257
  | I0813 20:09:46.279856 139812568857728 peft_trainer.py:488] Train step 109 training loss: 0.000600  - training perplexity: 1.000601
  | I0813 20:09:46.286787 139812568857728 metric_logger.py:226] completed step: 109, seconds: 0.105, TFLOP/s/device: 29.602, Tokens/s/device: 1215.178, total_weights: 57, loss: 0.001, lm_loss: 0.000, perplexity: 1.255
  | I0813 20:09:46.385069 139812568857728 peft_trainer.py:488] Train step 110 training loss: 0.000075  - training perplexity: 1.000075
  | I0813 20:09:46.391788 139812568857728 metric_logger.py:226] completed step: 110, seconds: 0.105, TFLOP/s/device: 29.647, Tokens/s/device: 1217.018, total_weights: 54, loss: 0.000, lm_loss: 0.000, perplexity: 1.252
  | I0813 20:09:46.490197 139812568857728 peft_trainer.py:488] Train step 111 training loss: 0.000006  - training perplexity: 1.000006
  | I0813 20:09:46.496996 139812568857728 metric_logger.py:226] completed step: 111, seconds: 0.105, TFLOP/s/device: 29.659, Tokens/s/device: 1217.502, total_weights: 56, loss: 0.000, lm_loss: 0.000, perplexity: 1.249
  | I0813 20:09:46.595376 139812568857728 peft_trainer.py:488] Train step 112 training loss: 0.009422  - training perplexity: 1.009467
  | I0813 20:09:46.602016 139812568857728 metric_logger.py:226] completed step: 112, seconds: 0.105, TFLOP/s/device: 29.637, Tokens/s/device: 1216.638, total_weights: 48, loss: 0.009, lm_loss: 0.000, perplexity: 1.247
  | I0813 20:09:46.700716 139812568857728 peft_trainer.py:488] Train step 113 training loss: 0.000050  - training perplexity: 1.000050
  | I0813 20:09:46.707444 139812568857728 metric_logger.py:226] completed step: 113, seconds: 0.105, TFLOP/s/device: 29.611, Tokens/s/device: 1215.551, total_weights: 51, loss: 0.000, lm_loss: 0.000, perplexity: 1.245
  | I0813 20:09:46.806027 139812568857728 peft_trainer.py:488] Train step 114 training loss: 0.000755  - training perplexity: 1.000756
  | I0813 20:09:46.812765 139812568857728 metric_logger.py:226] completed step: 114, seconds: 0.105, TFLOP/s/device: 29.603, Tokens/s/device: 1215.221, total_weights: 56, loss: 0.001, lm_loss: 0.000, perplexity: 1.242
  | I0813 20:09:46.910960 139812568857728 peft_trainer.py:488] Train step 115 training loss: 0.355455  - training perplexity: 1.426830
  | I0813 20:09:46.917571 139812568857728 metric_logger.py:226] completed step: 115, seconds: 0.105, TFLOP/s/device: 29.711, Tokens/s/device: 1219.668, total_weights: 53, loss: 0.355, lm_loss: 0.000, perplexity: 1.244
  | I0813 20:09:47.016093 139812568857728 peft_trainer.py:488] Train step 116 training loss: 0.000118  - training perplexity: 1.000118
  | I0813 20:09:47.022749 139812568857728 metric_logger.py:226] completed step: 116, seconds: 0.105, TFLOP/s/device: 29.663, Tokens/s/device: 1217.697, total_weights: 46, loss: 0.000, lm_loss: 0.000, perplexity: 1.241
  | I0813 20:09:47.121180 139812568857728 peft_trainer.py:488] Train step 117 training loss: 0.002092  - training perplexity: 1.002095
  | I0813 20:09:47.127790 139812568857728 metric_logger.py:226] completed step: 117, seconds: 0.105, TFLOP/s/device: 29.671, Tokens/s/device: 1218.033, total_weights: 50, loss: 0.002, lm_loss: 0.000, perplexity: 1.239
  | I0813 20:09:47.226263 139812568857728 peft_trainer.py:488] Train step 118 training loss: 0.001089  - training perplexity: 1.001090
  | I0813 20:09:47.233001 139812568857728 metric_logger.py:226] completed step: 118, seconds: 0.105, TFLOP/s/device: 29.672, Tokens/s/device: 1218.050, total_weights: 52, loss: 0.001, lm_loss: 0.000, perplexity: 1.237
  | I0813 20:09:47.331340 139812568857728 peft_trainer.py:488] Train step 119 training loss: 0.021835  - training perplexity: 1.022075
  | I0813 20:09:47.338138 139812568857728 metric_logger.py:226] completed step: 119, seconds: 0.105, TFLOP/s/device: 29.669, Tokens/s/device: 1217.943, total_weights: 55, loss: 0.022, lm_loss: 0.000, perplexity: 1.235
  | I0813 20:09:47.436472 139812568857728 peft_trainer.py:488] Train step 120 training loss: 0.015940  - training perplexity: 1.016067
  | I0813 20:09:47.443159 139812568857728 metric_logger.py:226] completed step: 120, seconds: 0.105, TFLOP/s/device: 29.663, Tokens/s/device: 1217.678, total_weights: 56, loss: 0.016, lm_loss: 0.000, perplexity: 1.233
  | I0813 20:09:47.541677 139812568857728 peft_trainer.py:488] Train step 121 training loss: 0.327233  - training perplexity: 1.387125
  | I0813 20:09:47.548341 139812568857728 metric_logger.py:226] completed step: 121, seconds: 0.105, TFLOP/s/device: 29.644, Tokens/s/device: 1216.909, total_weights: 62, loss: 0.327, lm_loss: 0.000, perplexity: 1.234
  | I0813 20:09:47.646688 139812568857728 peft_trainer.py:488] Train step 122 training loss: 0.000025  - training perplexity: 1.000025
  | I0813 20:09:47.653478 139812568857728 metric_logger.py:226] completed step: 122, seconds: 0.105, TFLOP/s/device: 29.687, Tokens/s/device: 1218.653, total_weights: 58, loss: 0.000, lm_loss: 0.000, perplexity: 1.232
  | I0813 20:09:47.751887 139812568857728 peft_trainer.py:488] Train step 123 training loss: 0.000212  - training perplexity: 1.000212
  | I0813 20:09:47.758503 139812568857728 metric_logger.py:226] completed step: 123, seconds: 0.105, TFLOP/s/device: 29.640, Tokens/s/device: 1216.727, total_weights: 49, loss: 0.000, lm_loss: 0.000, perplexity: 1.230
  | I0813 20:09:47.856957 139812568857728 peft_trainer.py:488] Train step 124 training loss: 0.400910  - training perplexity: 1.493182
  | I0813 20:09:47.863579 139812568857728 metric_logger.py:226] completed step: 124, seconds: 0.105, TFLOP/s/device: 29.673, Tokens/s/device: 1218.094, total_weights: 52, loss: 0.401, lm_loss: 0.000, perplexity: 1.232
  | I0813 20:10:03.270295 139812568857728 peft_trainer.py:840] Train step 125 eval loss: 0.212245 - eval perplexity: 1.236450
  | I0813 20:10:03.287314 139812568857728 peft_trainer.py:488] Train step 125 training loss: 0.004350  - training perplexity: 1.004360
  | I0813 20:10:03.294248 139812568857728 metric_logger.py:226] completed step: 125, seconds: 15.430, TFLOP/s/device: 0.202, Tokens/s/device: 8.295, total_weights: 53, loss: 0.004, lm_loss: 0.000, perplexity: 1.230
  | I0813 20:10:03.392749 139812568857728 peft_trainer.py:488] Train step 126 training loss: 0.000861  - training perplexity: 1.000861
  | I0813 20:10:03.399503 139812568857728 metric_logger.py:226] completed step: 126, seconds: 0.105, TFLOP/s/device: 29.585, Tokens/s/device: 1214.495, total_weights: 46, loss: 0.001, lm_loss: 0.000, perplexity: 1.228
  | I0813 20:10:03.497829 139812568857728 peft_trainer.py:488] Train step 127 training loss: 0.061034  - training perplexity: 1.062935
  | I0813 20:10:03.504570 139812568857728 metric_logger.py:226] completed step: 127, seconds: 0.105, TFLOP/s/device: 29.655, Tokens/s/device: 1217.360, total_weights: 58, loss: 0.061, lm_loss: 0.000, perplexity: 1.226
  | I0813 20:10:03.603332 139812568857728 peft_trainer.py:488] Train step 128 training loss: 0.038946  - training perplexity: 1.039714
  | I0813 20:10:03.610169 139812568857728 metric_logger.py:226] completed step: 128, seconds: 0.105, TFLOP/s/device: 29.566, Tokens/s/device: 1213.687, total_weights: 45, loss: 0.039, lm_loss: 0.000, perplexity: 1.225
  | I0813 20:10:03.708614 139812568857728 peft_trainer.py:488] Train step 129 training loss: 0.000169  - training perplexity: 1.000169
  | I0813 20:10:03.715371 139812568857728 metric_logger.py:226] completed step: 129, seconds: 0.105, TFLOP/s/device: 29.623, Tokens/s/device: 1216.057, total_weights: 55, loss: 0.000, lm_loss: 0.000, perplexity: 1.223
  | I0813 20:10:03.813797 139812568857728 peft_trainer.py:488] Train step 130 training loss: 0.000420  - training perplexity: 1.000420
  | I0813 20:10:03.820639 139812568857728 metric_logger.py:226] completed step: 130, seconds: 0.105, TFLOP/s/device: 29.641, Tokens/s/device: 1216.797, total_weights: 54, loss: 0.000, lm_loss: 0.000, perplexity: 1.221
  | I0813 20:10:03.919063 139812568857728 peft_trainer.py:488] Train step 131 training loss: 0.016468  - training perplexity: 1.016604
  | I0813 20:10:03.925986 139812568857728 metric_logger.py:226] completed step: 131, seconds: 0.105, TFLOP/s/device: 29.615, Tokens/s/device: 1215.712, total_weights: 52, loss: 0.016, lm_loss: 0.000, perplexity: 1.219
  | I0813 20:10:04.024320 139812568857728 peft_trainer.py:488] Train step 132 training loss: 0.138660  - training perplexity: 1.148733
  | I0813 20:10:04.031347 139812568857728 metric_logger.py:226] completed step: 132, seconds: 0.105, TFLOP/s/device: 29.627, Tokens/s/device: 1216.190, total_weights: 51, loss: 0.139, lm_loss: 0.000, perplexity: 1.219
  | I0813 20:10:04.129665 139812568857728 peft_trainer.py:488] Train step 133 training loss: 0.098736  - training perplexity: 1.103775
  | I0813 20:10:04.136637 139812568857728 metric_logger.py:226] completed step: 133, seconds: 0.105, TFLOP/s/device: 29.604, Tokens/s/device: 1215.279, total_weights: 61, loss: 0.099, lm_loss: 0.000, perplexity: 1.218
  | I0813 20:10:04.235118 139812568857728 peft_trainer.py:488] Train step 134 training loss: 0.011809  - training perplexity: 1.011879
  | I0813 20:10:04.242172 139812568857728 metric_logger.py:226] completed step: 134, seconds: 0.106, TFLOP/s/device: 29.550, Tokens/s/device: 1213.037, total_weights: 49, loss: 0.012, lm_loss: 0.000, perplexity: 1.216
  | I0813 20:10:04.340222 139812568857728 peft_trainer.py:488] Train step 135 training loss: 0.000437  - training perplexity: 1.000437
  | I0813 20:10:04.346976 139812568857728 metric_logger.py:226] completed step: 135, seconds: 0.105, TFLOP/s/device: 29.683, Tokens/s/device: 1218.527, total_weights: 42, loss: 0.000, lm_loss: 0.000, perplexity: 1.214
  | I0813 20:10:04.445240 139812568857728 peft_trainer.py:488] Train step 136 training loss: 0.000127  - training perplexity: 1.000127
  | I0813 20:10:04.452026 139812568857728 metric_logger.py:226] completed step: 136, seconds: 0.105, TFLOP/s/device: 29.691, Tokens/s/device: 1218.823, total_weights: 55, loss: 0.000, lm_loss: 0.000, perplexity: 1.213
  | I0813 20:10:04.550602 139812568857728 peft_trainer.py:488] Train step 137 training loss: 0.000530  - training perplexity: 1.000530
  | I0813 20:10:04.557413 139812568857728 metric_logger.py:226] completed step: 137, seconds: 0.105, TFLOP/s/device: 29.587, Tokens/s/device: 1214.550, total_weights: 55, loss: 0.001, lm_loss: 0.000, perplexity: 1.211
  | I0813 20:10:04.655634 139812568857728 peft_trainer.py:488] Train step 138 training loss: 0.000464  - training perplexity: 1.000464
  | I0813 20:10:04.662486 139812568857728 metric_logger.py:226] completed step: 138, seconds: 0.105, TFLOP/s/device: 29.684, Tokens/s/device: 1218.546, total_weights: 52, loss: 0.000, lm_loss: 0.000, perplexity: 1.209
  | I0813 20:10:04.760880 139812568857728 peft_trainer.py:488] Train step 139 training loss: 0.000304  - training perplexity: 1.000304
  | I0813 20:10:04.767647 139812568857728 metric_logger.py:226] completed step: 139, seconds: 0.105, TFLOP/s/device: 29.630, Tokens/s/device: 1216.339, total_weights: 57, loss: 0.000, lm_loss: 0.000, perplexity: 1.208
  | I0813 20:10:04.866086 139812568857728 peft_trainer.py:488] Train step 140 training loss: 0.031249  - training perplexity: 1.031742
  | I0813 20:10:04.872968 139812568857728 metric_logger.py:226] completed step: 140, seconds: 0.105, TFLOP/s/device: 29.647, Tokens/s/device: 1217.041, total_weights: 53, loss: 0.031, lm_loss: 0.000, perplexity: 1.206
  | I0813 20:10:04.971422 139812568857728 peft_trainer.py:488] Train step 141 training loss: 0.148852  - training perplexity: 1.160502
  | I0813 20:10:04.978202 139812568857728 metric_logger.py:226] completed step: 141, seconds: 0.105, TFLOP/s/device: 29.589, Tokens/s/device: 1214.634, total_weights: 53, loss: 0.149, lm_loss: 0.000, perplexity: 1.206
  | I0813 20:10:05.076604 139812568857728 peft_trainer.py:488] Train step 142 training loss: 0.516682  - training perplexity: 1.676456
  | I0813 20:10:05.083401 139812568857728 metric_logger.py:226] completed step: 142, seconds: 0.105, TFLOP/s/device: 29.653, Tokens/s/device: 1217.282, total_weights: 56, loss: 0.517, lm_loss: 0.000, perplexity: 1.209
  | I0813 20:10:05.181795 139812568857728 peft_trainer.py:488] Train step 143 training loss: 0.021124  - training perplexity: 1.021349
  | I0813 20:10:05.188577 139812568857728 metric_logger.py:226] completed step: 143, seconds: 0.105, TFLOP/s/device: 29.635, Tokens/s/device: 1216.519, total_weights: 51, loss: 0.021, lm_loss: 0.000, perplexity: 1.207
  | I0813 20:10:05.286953 139812568857728 peft_trainer.py:488] Train step 144 training loss: 0.000044  - training perplexity: 1.000044
  | I0813 20:10:05.293865 139812568857728 metric_logger.py:226] completed step: 144, seconds: 0.105, TFLOP/s/device: 29.646, Tokens/s/device: 1216.990, total_weights: 44, loss: 0.000, lm_loss: 0.000, perplexity: 1.206
  | I0813 20:10:05.392173 139812568857728 peft_trainer.py:488] Train step 145 training loss: 0.000340  - training perplexity: 1.000340
  | I0813 20:10:05.399104 139812568857728 metric_logger.py:226] completed step: 145, seconds: 0.105, TFLOP/s/device: 29.638, Tokens/s/device: 1216.661, total_weights: 47, loss: 0.000, lm_loss: 0.000, perplexity: 1.204
  | I0813 20:10:05.497251 139812568857728 peft_trainer.py:488] Train step 146 training loss: 0.095738  - training perplexity: 1.100471
  | I0813 20:10:05.504063 139812568857728 metric_logger.py:226] completed step: 146, seconds: 0.105, TFLOP/s/device: 29.678, Tokens/s/device: 1218.301, total_weights: 56, loss: 0.096, lm_loss: 0.000, perplexity: 1.204
  | I0813 20:10:05.602416 139812568857728 peft_trainer.py:488] Train step 147 training loss: 0.003397  - training perplexity: 1.003402
  | I0813 20:10:05.609256 139812568857728 metric_logger.py:226] completed step: 147, seconds: 0.105, TFLOP/s/device: 29.654, Tokens/s/device: 1217.327, total_weights: 53, loss: 0.003, lm_loss: 0.000, perplexity: 1.202
  | I0813 20:10:05.707657 139812568857728 peft_trainer.py:488] Train step 148 training loss: 0.071658  - training perplexity: 1.074288
  | I0813 20:10:05.714533 139812568857728 metric_logger.py:226] completed step: 148, seconds: 0.105, TFLOP/s/device: 29.609, Tokens/s/device: 1215.450, total_weights: 72, loss: 0.072, lm_loss: 0.000, perplexity: 1.201
  | I0813 20:10:05.813022 139812568857728 peft_trainer.py:488] Train step 149 training loss: 0.000007  - training perplexity: 1.000007
  | I0813 20:10:05.819837 139812568857728 metric_logger.py:226] completed step: 149, seconds: 0.105, TFLOP/s/device: 29.613, Tokens/s/device: 1215.648, total_weights: 59, loss: 0.000, lm_loss: 0.000, perplexity: 1.200
  | I0813 20:10:21.453324 139812568857728 peft_trainer.py:840] Train step 150 eval loss: 0.192950 - eval perplexity: 1.212822
  | I0813 20:10:21.470306 139812568857728 peft_trainer.py:488] Train step 150 training loss: 0.000044  - training perplexity: 1.000044
  | I0813 20:10:21.477293 139812568857728 metric_logger.py:226] completed step: 150, seconds: 15.657, TFLOP/s/device: 0.199, Tokens/s/device: 8.175, total_weights: 53, loss: 0.000, lm_loss: 0.000, perplexity: 1.198
  | I0813 20:10:21.575315 139812568857728 peft_trainer.py:488] Train step 151 training loss: 0.001672  - training perplexity: 1.001674
  | I0813 20:10:21.582131 139812568857728 metric_logger.py:226] completed step: 151, seconds: 0.105, TFLOP/s/device: 29.690, Tokens/s/device: 1218.779, total_weights: 65, loss: 0.002, lm_loss: 0.000, perplexity: 1.197
  | I0813 20:10:21.680173 139812568857728 peft_trainer.py:488] Train step 152 training loss: 0.000018  - training perplexity: 1.000018
  | I0813 20:10:21.686925 139812568857728 metric_logger.py:226] completed step: 152, seconds: 0.105, TFLOP/s/device: 29.756, Tokens/s/device: 1221.500, total_weights: 49, loss: 0.000, lm_loss: 0.000, perplexity: 1.195
  | I0813 20:10:21.785266 139812568857728 peft_trainer.py:488] Train step 153 training loss: 0.000030  - training perplexity: 1.000030
  | I0813 20:10:21.792020 139812568857728 metric_logger.py:226] completed step: 153, seconds: 0.105, TFLOP/s/device: 29.672, Tokens/s/device: 1218.051, total_weights: 50, loss: 0.000, lm_loss: 0.000, perplexity: 1.194
  | I0813 20:10:21.890176 139812568857728 peft_trainer.py:488] Train step 154 training loss: 0.000047  - training perplexity: 1.000047
  | I0813 20:10:21.897036 139812568857728 metric_logger.py:226] completed step: 154, seconds: 0.105, TFLOP/s/device: 29.716, Tokens/s/device: 1219.851, total_weights: 58, loss: 0.000, lm_loss: 0.000, perplexity: 1.193
  | I0813 20:10:21.995069 139812568857728 peft_trainer.py:488] Train step 155 training loss: 0.013478  - training perplexity: 1.013569
  | I0813 20:10:22.001982 139812568857728 metric_logger.py:226] completed step: 155, seconds: 0.105, TFLOP/s/device: 29.714, Tokens/s/device: 1219.768, total_weights: 56, loss: 0.013, lm_loss: 0.000, perplexity: 1.191
  | I0813 20:10:22.100206 139812568857728 peft_trainer.py:488] Train step 156 training loss: 0.000144  - training perplexity: 1.000144
  | I0813 20:10:22.106944 139812568857728 metric_logger.py:226] completed step: 156, seconds: 0.105, TFLOP/s/device: 29.669, Tokens/s/device: 1217.920, total_weights: 61, loss: 0.000, lm_loss: 0.000, perplexity: 1.190
  | I0813 20:10:22.205092 139812568857728 peft_trainer.py:488] Train step 157 training loss: 0.000026  - training perplexity: 1.000026
  | I0813 20:10:22.211936 139812568857728 metric_logger.py:226] completed step: 157, seconds: 0.105, TFLOP/s/device: 29.727, Tokens/s/device: 1220.313, total_weights: 56, loss: 0.000, lm_loss: 0.000, perplexity: 1.189
  | I0813 20:10:22.310086 139812568857728 peft_trainer.py:488] Train step 158 training loss: 0.000013  - training perplexity: 1.000013
  | I0813 20:10:22.316856 139812568857728 metric_logger.py:226] completed step: 158, seconds: 0.105, TFLOP/s/device: 29.693, Tokens/s/device: 1218.905, total_weights: 55, loss: 0.000, lm_loss: 0.000, perplexity: 1.187
  | I0813 20:10:22.414838 139812568857728 peft_trainer.py:488] Train step 159 training loss: 0.000035  - training perplexity: 1.000035
  | I0813 20:10:22.421698 139812568857728 metric_logger.py:226] completed step: 159, seconds: 0.105, TFLOP/s/device: 29.768, Tokens/s/device: 1222.017, total_weights: 48, loss: 0.000, lm_loss: 0.000, perplexity: 1.186
  | I0813 20:10:22.519735 139812568857728 peft_trainer.py:488] Train step 160 training loss: 0.022826  - training perplexity: 1.023089
  | I0813 20:10:22.526563 139812568857728 metric_logger.py:226] completed step: 160, seconds: 0.105, TFLOP/s/device: 29.718, Tokens/s/device: 1219.952, total_weights: 58, loss: 0.023, lm_loss: 0.000, perplexity: 1.185
  | I0813 20:10:22.624751 139812568857728 peft_trainer.py:488] Train step 161 training loss: 0.057644  - training perplexity: 1.059338
  | I0813 20:10:22.631612 139812568857728 metric_logger.py:226] completed step: 161, seconds: 0.105, TFLOP/s/device: 29.700, Tokens/s/device: 1219.212, total_weights: 58, loss: 0.058, lm_loss: 0.000, perplexity: 1.184
  | I0813 20:10:22.729998 139812568857728 peft_trainer.py:488] Train step 162 training loss: 0.000123  - training perplexity: 1.000123
  | I0813 20:10:22.736927 139812568857728 metric_logger.py:226] completed step: 162, seconds: 0.105, TFLOP/s/device: 29.622, Tokens/s/device: 1216.013, total_weights: 54, loss: 0.000, lm_loss: 0.000, perplexity: 1.183
  | I0813 20:10:22.834983 139812568857728 peft_trainer.py:488] Train step 163 training loss: 0.000018  - training perplexity: 1.000018
  | I0813 20:10:22.841758 139812568857728 metric_logger.py:226] completed step: 163, seconds: 0.105, TFLOP/s/device: 29.696, Tokens/s/device: 1219.024, total_weights: 54, loss: 0.000, lm_loss: 0.000, perplexity: 1.182
  | I0813 20:10:22.939904 139812568857728 peft_trainer.py:488] Train step 164 training loss: 0.000013  - training perplexity: 1.000013
  | I0813 20:10:22.946810 139812568857728 metric_logger.py:226] completed step: 164, seconds: 0.105, TFLOP/s/device: 29.716, Tokens/s/device: 1219.844, total_weights: 57, loss: 0.000, lm_loss: 0.000, perplexity: 1.181
  | I0813 20:10:23.044964 139812568857728 peft_trainer.py:488] Train step 165 training loss: 0.000135  - training perplexity: 1.000135
  | I0813 20:10:23.051761 139812568857728 metric_logger.py:226] completed step: 165, seconds: 0.105, TFLOP/s/device: 29.689, Tokens/s/device: 1218.734, total_weights: 52, loss: 0.000, lm_loss: 0.000, perplexity: 1.179
  | I0813 20:10:23.150243 139812568857728 peft_trainer.py:488] Train step 166 training loss: 0.020585  - training perplexity: 1.020798
  | I0813 20:10:23.157083 139812568857728 metric_logger.py:226] completed step: 166, seconds: 0.105, TFLOP/s/device: 29.619, Tokens/s/device: 1215.873, total_weights: 55, loss: 0.021, lm_loss: 0.000, perplexity: 1.178
  | I0813 20:10:23.255173 139812568857728 peft_trainer.py:488] Train step 167 training loss: 0.000043  - training perplexity: 1.000043
  | I0813 20:10:23.261940 139812568857728 metric_logger.py:226] completed step: 167, seconds: 0.105, TFLOP/s/device: 29.710, Tokens/s/device: 1219.636, total_weights: 47, loss: 0.000, lm_loss: 0.000, perplexity: 1.177
  | I0813 20:10:23.360087 139812568857728 peft_trainer.py:488] Train step 168 training loss: 0.000033  - training perplexity: 1.000033
  | I0813 20:10:23.366866 139812568857728 metric_logger.py:226] completed step: 168, seconds: 0.105, TFLOP/s/device: 29.721, Tokens/s/device: 1220.059, total_weights: 54, loss: 0.000, lm_loss: 0.000, perplexity: 1.176
  | I0813 20:10:23.464945 139812568857728 peft_trainer.py:488] Train step 169 training loss: 0.000012  - training perplexity: 1.000012
  | I0813 20:10:23.471718 139812568857728 metric_logger.py:226] completed step: 169, seconds: 0.105, TFLOP/s/device: 29.741, Tokens/s/device: 1220.871, total_weights: 57, loss: 0.000, lm_loss: 0.000, perplexity: 1.175
  | I0813 20:10:23.569734 139812568857728 peft_trainer.py:488] Train step 170 training loss: 0.120620  - training perplexity: 1.128196
  | I0813 20:10:23.576550 139812568857728 metric_logger.py:226] completed step: 170, seconds: 0.105, TFLOP/s/device: 29.755, Tokens/s/device: 1221.460, total_weights: 45, loss: 0.121, lm_loss: 0.000, perplexity: 1.175
  | I0813 20:10:23.674674 139812568857728 peft_trainer.py:488] Train step 171 training loss: 0.000005  - training perplexity: 1.000005
  | I0813 20:10:23.681543 139812568857728 metric_logger.py:226] completed step: 171, seconds: 0.105, TFLOP/s/device: 29.711, Tokens/s/device: 1219.668, total_weights: 59, loss: 0.000, lm_loss: 0.000, perplexity: 1.174
  | I0813 20:10:23.779733 139812568857728 peft_trainer.py:488] Train step 172 training loss: 0.311098  - training perplexity: 1.364923
  | I0813 20:10:23.786604 139812568857728 metric_logger.py:226] completed step: 172, seconds: 0.105, TFLOP/s/device: 29.652, Tokens/s/device: 1217.229, total_weights: 52, loss: 0.311, lm_loss: 0.000, perplexity: 1.175
  | I0813 20:10:23.884902 139812568857728 peft_trainer.py:488] Train step 173 training loss: 0.000013  - training perplexity: 1.000013
  | I0813 20:10:23.891782 139812568857728 metric_logger.py:226] completed step: 173, seconds: 0.105, TFLOP/s/device: 29.671, Tokens/s/device: 1218.025, total_weights: 62, loss: 0.000, lm_loss: 0.000, perplexity: 1.173
  | I0813 20:10:23.990043 139812568857728 peft_trainer.py:488] Train step 174 training loss: 0.000024  - training perplexity: 1.000024
  | I0813 20:10:23.996977 139812568857728 metric_logger.py:226] completed step: 174, seconds: 0.105, TFLOP/s/device: 29.660, Tokens/s/device: 1217.550, total_weights: 54, loss: 0.000, lm_loss: 0.000, perplexity: 1.172
  | I0813 20:10:39.450344 139812568857728 peft_trainer.py:840] Train step 175 eval loss: 0.179124 - eval perplexity: 1.196169
  | I0813 20:10:39.466995 139812568857728 peft_trainer.py:488] Train step 175 training loss: 0.000010  - training perplexity: 1.000010
  | I0813 20:10:39.474108 139812568857728 metric_logger.py:226] completed step: 175, seconds: 15.477, TFLOP/s/device: 0.201, Tokens/s/device: 8.270, total_weights: 50, loss: 0.000, lm_loss: 0.000, perplexity: 1.171
  | I0813 20:10:39.571918 139812568857728 peft_trainer.py:488] Train step 176 training loss: 0.349166  - training perplexity: 1.417884
  | I0813 20:10:39.578744 139812568857728 metric_logger.py:226] completed step: 176, seconds: 0.105, TFLOP/s/device: 29.734, Tokens/s/device: 1220.612, total_weights: 60, loss: 0.349, lm_loss: 0.000, perplexity: 1.173
  | I0813 20:10:39.676925 139812568857728 peft_trainer.py:488] Train step 177 training loss: 0.000071  - training perplexity: 1.000071
  | I0813 20:10:39.683809 139812568857728 metric_logger.py:226] completed step: 177, seconds: 0.105, TFLOP/s/device: 29.689, Tokens/s/device: 1218.758, total_weights: 53, loss: 0.000, lm_loss: 0.000, perplexity: 1.172
  | I0813 20:10:39.782143 139812568857728 peft_trainer.py:488] Train step 178 training loss: 0.422529  - training perplexity: 1.525815
  | I0813 20:10:39.789053 139812568857728 metric_logger.py:226] completed step: 178, seconds: 0.105, TFLOP/s/device: 29.638, Tokens/s/device: 1216.641, total_weights: 47, loss: 0.423, lm_loss: 0.000, perplexity: 1.173
  | I0813 20:10:39.886942 139812568857728 peft_trainer.py:488] Train step 179 training loss: 0.004094  - training perplexity: 1.004103
  | I0813 20:10:39.893789 139812568857728 metric_logger.py:226] completed step: 179, seconds: 0.105, TFLOP/s/device: 29.745, Tokens/s/device: 1221.073, total_weights: 46, loss: 0.004, lm_loss: 0.000, perplexity: 1.172
  | I0813 20:10:39.992037 139812568857728 peft_trainer.py:488] Train step 180 training loss: 0.000376  - training perplexity: 1.000376
  | I0813 20:10:39.998936 139812568857728 metric_logger.py:226] completed step: 180, seconds: 0.105, TFLOP/s/device: 29.676, Tokens/s/device: 1218.223, total_weights: 57, loss: 0.000, lm_loss: 0.000, perplexity: 1.171
  | I0813 20:10:40.097208 139812568857728 peft_trainer.py:488] Train step 181 training loss: 0.000046  - training perplexity: 1.000046
  | I0813 20:10:40.104043 139812568857728 metric_logger.py:226] completed step: 181, seconds: 0.105, TFLOP/s/device: 29.653, Tokens/s/device: 1217.260, total_weights: 62, loss: 0.000, lm_loss: 0.000, perplexity: 1.170
  | I0813 20:10:40.201972 139812568857728 peft_trainer.py:488] Train step 182 training loss: 0.000018  - training perplexity: 1.000019
  | I0813 20:10:40.208870 139812568857728 metric_logger.py:226] completed step: 182, seconds: 0.105, TFLOP/s/device: 29.750, Tokens/s/device: 1221.248, total_weights: 45, loss: 0.000, lm_loss: 0.000, perplexity: 1.169
  | I0813 20:10:40.306780 139812568857728 peft_trainer.py:488] Train step 183 training loss: 0.000186  - training perplexity: 1.000186
  | I0813 20:10:40.313606 139812568857728 metric_logger.py:226] completed step: 183, seconds: 0.105, TFLOP/s/device: 29.757, Tokens/s/device: 1221.526, total_weights: 41, loss: 0.000, lm_loss: 0.000, perplexity: 1.168
  | I0813 20:10:40.411810 139812568857728 peft_trainer.py:488] Train step 184 training loss: 0.000011  - training perplexity: 1.000011
  | I0813 20:10:40.418627 139812568857728 metric_logger.py:226] completed step: 184, seconds: 0.105, TFLOP/s/device: 29.685, Tokens/s/device: 1218.572, total_weights: 50, loss: 0.000, lm_loss: 0.000, perplexity: 1.167
  | I0813 20:10:40.516957 139812568857728 peft_trainer.py:488] Train step 185 training loss: 0.050682  - training perplexity: 1.051988
  | I0813 20:10:40.523981 139812568857728 metric_logger.py:226] completed step: 185, seconds: 0.105, TFLOP/s/device: 29.653, Tokens/s/device: 1217.275, total_weights: 53, loss: 0.051, lm_loss: 0.000, perplexity: 1.167
  | I0813 20:10:40.622017 139812568857728 peft_trainer.py:488] Train step 186 training loss: 0.032121  - training perplexity: 1.032642
  | I0813 20:10:40.629007 139812568857728 metric_logger.py:226] completed step: 186, seconds: 0.105, TFLOP/s/device: 29.680, Tokens/s/device: 1218.367, total_weights: 48, loss: 0.032, lm_loss: 0.000, perplexity: 1.166
  | I0813 20:10:40.726795 139812568857728 peft_trainer.py:488] Train step 187 training loss: 0.544166  - training perplexity: 1.723170
  | I0813 20:10:40.733779 139812568857728 metric_logger.py:226] completed step: 187, seconds: 0.105, TFLOP/s/device: 29.754, Tokens/s/device: 1221.418, total_weights: 43, loss: 0.544, lm_loss: 0.000, perplexity: 1.168
  | I0813 20:10:40.831550 139812568857728 peft_trainer.py:488] Train step 188 training loss: 0.057146  - training perplexity: 1.058810
  | I0813 20:10:40.838397 139812568857728 metric_logger.py:226] completed step: 188, seconds: 0.105, TFLOP/s/device: 29.762, Tokens/s/device: 1221.771, total_weights: 52, loss: 0.057, lm_loss: 0.000, perplexity: 1.168
  | I0813 20:10:40.936504 139812568857728 peft_trainer.py:488] Train step 189 training loss: 0.081733  - training perplexity: 1.085166
  | I0813 20:10:40.943485 139812568857728 metric_logger.py:226] completed step: 189, seconds: 0.105, TFLOP/s/device: 29.714, Tokens/s/device: 1219.788, total_weights: 56, loss: 0.082, lm_loss: 0.000, perplexity: 1.167
  | I0813 20:10:41.041107 139812568857728 peft_trainer.py:488] Train step 190 training loss: 0.000053  - training perplexity: 1.000053
  | I0813 20:10:41.047971 139812568857728 metric_logger.py:226] completed step: 190, seconds: 0.105, TFLOP/s/device: 29.812, Tokens/s/device: 1223.806, total_weights: 53, loss: 0.000, lm_loss: 0.000, perplexity: 1.166
  | I0813 20:10:41.146070 139812568857728 peft_trainer.py:488] Train step 191 training loss: 0.000021  - training perplexity: 1.000021
  | I0813 20:10:41.152962 139812568857728 metric_logger.py:226] completed step: 191, seconds: 0.105, TFLOP/s/device: 29.710, Tokens/s/device: 1219.632, total_weights: 53, loss: 0.000, lm_loss: 0.000, perplexity: 1.165
  | I0813 20:10:41.250734 139812568857728 peft_trainer.py:488] Train step 192 training loss: 0.000022  - training perplexity: 1.000022
  | I0813 20:10:41.257567 139812568857728 metric_logger.py:226] completed step: 192, seconds: 0.105, TFLOP/s/device: 29.788, Tokens/s/device: 1222.821, total_weights: 50, loss: 0.000, lm_loss: 0.000, perplexity: 1.164
  | I0813 20:10:41.355540 139812568857728 peft_trainer.py:488] Train step 193 training loss: 0.000010  - training perplexity: 1.000010
  | I0813 20:10:41.362429 139812568857728 metric_logger.py:226] completed step: 193, seconds: 0.105, TFLOP/s/device: 29.739, Tokens/s/device: 1220.794, total_weights: 55, loss: 0.000, lm_loss: 0.000, perplexity: 1.163
  | I0813 20:10:41.460647 139812568857728 peft_trainer.py:488] Train step 194 training loss: 0.000037  - training perplexity: 1.000037
  | I0813 20:10:41.467781 139812568857728 metric_logger.py:226] completed step: 194, seconds: 0.105, TFLOP/s/device: 29.647, Tokens/s/device: 1217.024, total_weights: 46, loss: 0.000, lm_loss: 0.000, perplexity: 1.163
  | I0813 20:10:41.565478 139812568857728 peft_trainer.py:488] Train step 195 training loss: 0.000320  - training perplexity: 1.000320
  | I0813 20:10:41.572341 139812568857728 metric_logger.py:226] completed step: 195, seconds: 0.105, TFLOP/s/device: 29.777, Tokens/s/device: 1222.369, total_weights: 53, loss: 0.000, lm_loss: 0.000, perplexity: 1.162
  | I0813 20:10:41.670697 139812568857728 peft_trainer.py:488] Train step 196 training loss: 0.000060  - training perplexity: 1.000060
  | I0813 20:10:41.677682 139812568857728 metric_logger.py:226] completed step: 196, seconds: 0.105, TFLOP/s/device: 29.619, Tokens/s/device: 1215.870, total_weights: 56, loss: 0.000, lm_loss: 0.000, perplexity: 1.161
  | I0813 20:10:41.775663 139812568857728 peft_trainer.py:488] Train step 197 training loss: 0.053383  - training perplexity: 1.054834
  | I0813 20:10:41.782626 139812568857728 metric_logger.py:226] completed step: 197, seconds: 0.105, TFLOP/s/device: 29.699, Tokens/s/device: 1219.155, total_weights: 53, loss: 0.053, lm_loss: 0.000, perplexity: 1.160
  | I0813 20:10:41.880429 139812568857728 peft_trainer.py:488] Train step 198 training loss: 0.000662  - training perplexity: 1.000663
  | I0813 20:10:41.887430 139812568857728 metric_logger.py:226] completed step: 198, seconds: 0.105, TFLOP/s/device: 29.778, Tokens/s/device: 1222.424, total_weights: 47, loss: 0.001, lm_loss: 0.000, perplexity: 1.159
  | I0813 20:10:41.984765 139812568857728 peft_trainer.py:488] Train step 199 training loss: 0.300118  - training perplexity: 1.350018
  | I0813 20:10:41.991600 139812568857728 metric_logger.py:226] completed step: 199, seconds: 0.104, TFLOP/s/device: 29.888, Tokens/s/device: 1226.939, total_weights: 51, loss: 0.300, lm_loss: 0.000, perplexity: 1.160
  | I0813 20:12:11.235129 139812568857728 peft_trainer.py:840] Train step 200 eval loss: 0.166139 - eval perplexity: 1.180737
  | I0813 20:12:11.239567 139812568857728 peft_trainer.py:748] Train loop finished in: 336.4432 seconds
  | I0813 20:12:11.611431 139812568857728 peft_trainer.py:488] Train step 200 training loss: 0.007942  - training perplexity: 1.007974
  | I0813 20:12:11.683473 139812568857728 metric_logger.py:226] completed step: 200, seconds: 89.691, TFLOP/s/device: 0.035, Tokens/s/device: 1.427, total_weights: 64, loss: 0.008, lm_loss: 0.000, perplexity: 1.159
  | sft finished in 7.3 minutes (exit 0).
  | Removed intermediate checkpoint: gs://me344-tpu-labs-west4/final_projects/qanh/runs/me344-qanh-20260813t194806z-sft/checkpoints/1/
  | SFT checkpoint: gs://me344-tpu-labs-west4/final_projects/qanh/runs/me344-qanh-20260813t194806z-sft/checkpoints/200/model_params
[2026-08-13 20:12:35] cell 22 DONE in 7m 27s
[2026-08-13 20:12:35] cell 24 START: sft_checkpoint = project.resume_sft(extra_steps=2)
  | I0813 20:12:56.039800 140431264386176 max_utils.py:830] System Information: Jax Version: 0.11.0
  | I0813 20:12:56.039971 140431264386176 max_utils.py:831] System Information: Jaxlib Version: 0.11.0
  | I0813 20:12:56.040035 140431264386176 max_utils.py:832] System Information: Jax Backend: PJRT C API
  | I0813 20:13:48.069771 140431264386176 peft_trainer.py:488] Train step 201 training loss: 0.012250  - training perplexity: 1.012325
  | Memstats: After params initialized:
  | I0813 20:14:02.186103 140431264386176 metric_logger.py:226] completed step: 201, seconds: 19.622, TFLOP/s/device: 0.159, Tokens/s/device: 6.523, total_weights: 53, loss: 0.012, lm_loss: 0.000, perplexity: 1.012
  | I0813 20:15:57.860049 140431264386176 peft_trainer.py:748] Train loop finished in: 149.4095 seconds
  | I0813 20:15:58.138116 140431264386176 peft_trainer.py:488] Train step 202 training loss: 0.323556  - training perplexity: 1.382034
  | I0813 20:15:58.148617 140431264386176 metric_logger.py:226] completed step: 202, seconds: 130.067, TFLOP/s/device: 0.024, Tokens/s/device: 0.984, total_weights: 61, loss: 0.324, lm_loss: 0.000, perplexity: 1.183
  | sft-resume finished in 3.6 minutes (exit 0).
  | {
  |   "loaded_nonpadding_tokens_reported": 10754,
  |   "estimated_effective_nonpadding_tokens": 5377,
  |   "maximum_effective_training_tokens": 206848,
  |   "fractional_batch_note": "The MaxText hook counts the full loader batch before loss_fn slices to the effective batch; the effective token count is therefore an estimate.",
  |   "last_train_loss_rolling_3": 0.11458292168875535,
  |   "held_out_loss_by_step": [
  |     {
  |       "step": 0,
  |       "loss": 0.8058359622955322
  |     },
  |     {
  |       "step": 25,
  |       "loss": 0.11159688234329224
  |     },
  |     {
  |       "step": 50,
  |       "loss": 0.04362247511744499
  |     },
  |     {
  |       "step": 75,
  |       "loss": 0.07750056684017181
  |     },
  |     {
  |       "step": 100,
  |       "loss": 0.11050102114677429
  |     },
  |     {
  |       "step": 125,
  |       "loss": 0.12441155314445496
  |     },
  |     {
  |       "step": 150,
  |       "loss": 0.07718203961849213
  |     },
  |     {
  |       "step": 175,
  |       "loss": 0.08234445750713348
  |     },
  |     {
  |       "step": 200,
  |       "loss": 0.06225566565990448
  |     }
  |   ],
  |   "best_held_out_loss": 0.04362247511744499,
  |   "best_held_out_step": 50,
  |   "evaluation_intervals_since_best": 6,
  |   "last_minus_best_held_out_loss": 0.018633190542459488,
  |   "generalization_gap_at_last_eval": -0.04065188907164459,
  |   "initial_run_steps": 200,
  |   "decision_rule": "Stop after two evaluations without a new held-out best, a task-metric regression, or the cost limit.",
  |   "recommendation": "Stop or roll back: held-out loss has not set a new best for 6 evaluation intervals."
  | }
  | {
  |   "rollback_step": 200,
  |   "resumed_steps": [
  |     201,
  |     202
  |   ],
  |   "optimizer_state_restored": true,
  |   "optimizer_state_evidence": [
  |     "optimizer_state existed in the rollback checkpoint",
  |     "Tunix resumed at the next optimizer step instead of step 1",
  |     "the final checkpoint contains optimizer_state"
  |   ],
  |   "loss_before_resume": 0.007942479103803635,
  |   "first_loss_after_resume": 0.012249892577528954,
  |   "rollback_checkpoint": "gs://me344-tpu-labs-west4/final_projects/qanh/runs/me344-qanh-20260813t194806z-sft/checkpoints/200/model_params",
  |   "final_checkpoint": "gs://me344-tpu-labs-west4/final_projects/qanh/runs/me344-qanh-20260813t194806z-sft/checkpoints/202/model_params"
  | }
[2026-08-13 20:16:17] cell 24 DONE in 3m 41s
[2026-08-13 20:16:17] cell 26 START: rl_summary = project.run_grpo(updates=12, generations=4)
  | Creating parquet from Arrow format:   0%|          | 0/1 [00:00<?, ?ba/s]Creating parquet from Arrow format: 100%|##########| 1/1 [00:00<00:00, 3160.74ba/s]
  | Creating parquet from Arrow format:   0%|          | 0/1 [00:00<?, ?ba/s]Creating parquet from Arrow format: 100%|##########| 1/1 [00:00<00:00, 5769.33ba/s]
  | {
  |   "dataset_id": "openai/gsm8k train",
  |   "dataset_revision": "740312add88f781978c0658806c59bc2815b9866",
  |   "dataset_license": "MIT",
  |   "selection": "32 train + 16 held-out rows from 1024 scanned; 5-9 annotated arithmetic operations, prompt <=800 characters, seed 344",
  |   "student_provided": false,
  |   "task": "verifiable numeric reasoning",
  |   "train_examples": 32,
  |   "held_out_examples": 16,
  |   "schema": {
  |     "prompt": "string",
  |     "answer": "finite decimal string"
  |   },
  |   "reward": {
  |     "format": "0.75 full structure; 0.50 both sections; 0.25 answer tag; 0.10 partial reasoning tag",
  |     "exact": "1.0 exact numeric answer, tags optional",
  |     "closeness": "up to 0.10 for an incorrect near miss",
  |     "maximum": 1.75
  |   },
  |   "release_test_contamination": false,
  |   "raw_rows_in_submission": false,
  |   "reward_code": "rl_task.py",
  |   "reward_code_sha256": "34b181d8dfd8adb1bb4240714c8e5f5c2bc78e636289df498ca83b78f69e28ff"
  | }
  | I0813 20:16:37.579811 139708797660288 max_utils.py:830] System Information: Jax Version: 0.11.0
  | I0813 20:16:37.579921 139708797660288 max_utils.py:831] System Information: Jaxlib Version: 0.11.0
  | I0813 20:16:43.536666 139708797660288 max_utils.py:832] System Information: Jax Backend: PJRT C API
  | W0813 20:19:23.800074 139708797660288 train_rl.py:738] Pre RL Training: corr=10, total=16, accuracy=62.5%, partial_accuracy=62.5%, format_accuracy=37.5%, mean_reward=1.0671
  | I0813 20:19:57.342880 139708797660288 peft_trainer.py:748] Train loop finished in: 7.8854 seconds
  | I0813 20:20:17.712158 139708797660288 peft_trainer.py:488] Train step 1 training loss: 0.001269  - training perplexity: 1.001270
  | I0813 20:20:17.717492 139708797660288 peft_trainer.py:748] Train loop finished in: 0.1741 seconds
  | I0813 20:20:41.956440 139708797660288 peft_trainer.py:488] Train step 2 training loss: 0.000962  - training perplexity: 1.000962
  | I0813 20:20:41.961997 139708797660288 peft_trainer.py:748] Train loop finished in: 0.1745 seconds
  | I0813 20:21:01.021693 139708797660288 peft_trainer.py:488] Train step 3 training loss: 0.000802  - training perplexity: 1.000803
  | I0813 20:21:01.026995 139708797660288 peft_trainer.py:748] Train loop finished in: 0.1749 seconds
  | I0813 20:21:14.794256 139708797660288 peft_trainer.py:488] Train step 4 training loss: 0.012066  - training perplexity: 1.012139
  | I0813 20:21:14.799319 139708797660288 peft_trainer.py:748] Train loop finished in: 0.1745 seconds
  | I0813 20:21:33.613312 139708797660288 peft_trainer.py:488] Train step 5 training loss: 0.015787  - training perplexity: 1.015912
  | I0813 20:21:33.618765 139708797660288 peft_trainer.py:748] Train loop finished in: 0.1742 seconds
  | I0813 20:21:47.042737 139708797660288 peft_trainer.py:488] Train step 6 training loss: 0.019549  - training perplexity: 1.019741
  | I0813 20:21:47.047979 139708797660288 peft_trainer.py:748] Train loop finished in: 0.1747 seconds
  | I0813 20:22:05.814115 139708797660288 peft_trainer.py:488] Train step 7 training loss: 0.015732  - training perplexity: 1.015856
  | I0813 20:22:05.819497 139708797660288 peft_trainer.py:748] Train loop finished in: 0.1744 seconds
  | I0813 20:22:14.595961 139708797660288 peft_trainer.py:488] Train step 8 training loss: 0.012547  - training perplexity: 1.012626
  | I0813 20:22:14.601206 139708797660288 peft_trainer.py:748] Train loop finished in: 0.1749 seconds
  | I0813 20:22:33.379342 139708797660288 peft_trainer.py:488] Train step 9 training loss: 0.019675  - training perplexity: 1.019870
  | I0813 20:22:33.384396 139708797660288 peft_trainer.py:748] Train loop finished in: 0.1746 seconds
  | I0813 20:22:42.081186 139708797660288 peft_trainer.py:488] Train step 10 training loss: 0.038897  - training perplexity: 1.039663
  | I0813 20:22:42.086001 139708797660288 peft_trainer.py:748] Train loop finished in: 0.1739 seconds
  | I0813 20:23:00.712033 139708797660288 peft_trainer.py:488] Train step 11 training loss: 0.044017  - training perplexity: 1.045000
  | I0813 20:23:00.717354 139708797660288 peft_trainer.py:748] Train loop finished in: 0.1747 seconds
  | I0813 20:23:09.743106 139708797660288 peft_trainer.py:488] Train step 12 training loss: 0.056771  - training perplexity: 1.058413
  | W0813 20:23:09.754813 139708797660288 train_rl.py:763] RL Training Completed Successfully!
  | W0813 20:23:15.893390 139708797660288 train_rl.py:776] Post RL Training: corr=12, total=16, accuracy=75.0%, partial_accuracy=75.0%, format_accuracy=93.75%, mean_reward=1.5309
  | grpo finished in 7.1 minutes (exit 0).
  | {
  |   "pre": {
  |     "correct": 10,
  |     "total": 16,
  |     "accuracy_percent": 62.5,
  |     "partial_accuracy_percent": 62.5,
  |     "format_accuracy_percent": 37.5,
  |     "mean_reward": 1.0671
  |   },
  |   "post": {
  |     "correct": 12,
  |     "total": 16,
  |     "accuracy_percent": 75.0,
  |     "partial_accuracy_percent": 75.0,
  |     "format_accuracy_percent": 93.75,
  |     "mean_reward": 1.5309
  |   },
  |   "training_signal": {
  |     "groups": 12,
  |     "groups_with_relative_signal": 11,
  |     "groups_with_relative_signal_percent": 91.66666666666667,
  |     "mean_group_reward_span": 1.363912468947606,
  |     "mean_total_reward": 1.251749494703397,
  |     "component_means": {
  |       "closeness": 0.002791161370063638,
  |       "exact": 0.7291666666666666,
  |       "format": 0.5197916666666667
  |     },
  |     "group_total_rewards": [
  |       [
  |         0.1,
  |         0.285,
  |         1.1,
  |         1.75
  |       ],
  |       [
  |         1.75,
  |         0.782,
  |         1.75,
  |         1.75
  |       ],
  |       [
  |         1.75,
  |         0.10170731707317074,
  |         1.75,
  |         1.75
  |       ],
  |       [
  |         1.75,
  |         9.722222222219302e-06,
  |         1.75,
  |         1.75
  |       ],
  |       [
  |         1.25,
  |         1.75,
  |         1.25,
  |         1.25
  |       ],
  |       [
  |         1.75,
  |         0.1,
  |         1.25,
  |         1.75
  |       ],
  |       [
  |         1.75,
  |         0.125,
  |         1.75,
  |         1.75
  |       ],
  |       [
  |         1.75,
  |         0.11492537313432837,
  |         1.75,
  |         0.11
  |       ],
  |       [
  |         0.101,
  |         1.1,
  |         0.10016666666666668,
  |         1.75
  |       ],
  |       [
  |         1.75,
  |         0.1075,
  |         1.75,
  |         1.75
  |       ],
  |       [
  |         1.75,
  |         1.75,
  |         1.75,
  |         1.75
  |       ],
  |       [
  |         1.75,
  |         0.10666666666666667,
  |         1.75,
  |         1.75
  |       ]
  |     ]
  |   },
  |   "change": {
  |     "accuracy_percentage_points": 12.5,
  |     "format_percentage_points": 56.25,
  |     "mean_reward": 0.4638
  |   },
  |   "reward_improved": true,
  |   "exact_accuracy_guardrail_passed": true
  | }
[2026-08-13 20:23:27] cell 26 DONE in 7m 10s
[2026-08-13 20:23:27] cell 28 START: release_evidence = project.run_evaluation_and_serving(benchmark_requests=8)
  | Evaluating base: loading gs://me344-tpu-labs-west4/data/qwen3-4b-instruct-2507/0/items
  | base server ready at 127.0.0.1:8000
  | base complete: Banking77 exact=70.0%, GSM8K exact=81.2%
  | Stopped the base inference server after 2.0 minutes.
  | Evaluating sft: loading gs://me344-tpu-labs-west4/final_projects/qanh/runs/me344-qanh-20260813t194806z-sft/checkpoints/202/model_params
  | sft server ready at 127.0.0.1:8000
  | sft complete: Banking77 exact=92.5%, GSM8K exact=87.5%
  | SFT changed Banking77 exact match by +22.5 points and format compliance by +0.0 points.
  | {
  |   "primary_suite": "PolyAI/banking77 test (40 untouched rows)",
  |   "retention_suite": "openai/gsm8k test[0:16]",
  |   "secondary_suite_role": "GSM8K is the SFT safety check and the separate GRPO target; Banking77 remains the startup product metric.",
  |   "models": [
  |     {
  |       "label": "base",
  |       "examples": 40,
  |       "exact_match_percent": 70.0,
  |       "format_compliance_percent": 100.0,
  |       "length_limited_percent": 0.0,
  |       "mean_completion_tokens": 5.4,
  |       "retention_examples": 16,
  |       "retention_exact_match_percent": 81.25,
  |       "retention_format_compliance_percent": 75.0
  |     },
  |     {
  |       "label": "sft",
  |       "examples": 40,
  |       "exact_match_percent": 92.5,
  |       "format_compliance_percent": 100.0,
  |       "length_limited_percent": 0.0,
  |       "mean_completion_tokens": 5.575,
  |       "retention_examples": 16,
  |       "retention_exact_match_percent": 87.5,
  |       "retention_format_compliance_percent": 87.5
  |     }
  |   ],
  |   "regressions": [
  |     {
  |       "transition": "base->sft",
  |       "id": "banking77-card_delivery_estimate-1",
  |       "expected": "card_delivery_estimate",
  |       "before": "card_delivery_estimate",
  |       "after": "card_arrival"
  |     }
  |   ]
  | }
  | [
  |   {
  |     "concurrency": 1,
  |     "requests": 8,
  |     "warmup_requests": 8,
  |     "wall_seconds": 0.2966758299999128,
  |     "mean_output_tokens": 6.0,
  |     "requests_per_second": 26.965459235429968,
  |     "latency_mean_seconds": 0.03699124999997139,
  |     "ttft_p50_seconds": 0.012478203499995288,
  |     "ttft_p95_seconds": 0.01260069114991893,
  |     "latency_p50_seconds": 0.03513215699990724,
  |     "latency_p95_seconds": 0.05124665234989152,
  |     "output_tokens_per_second": 161.7927554125798,
  |     "usage_reported_for_all": true
  |   },
  |   {
  |     "concurrency": 4,
  |     "requests": 8,
  |     "warmup_requests": 8,
  |     "wall_seconds": 0.10598236300029384,
  |     "mean_output_tokens": 6.0,
  |     "requests_per_second": 75.4842576965171,
  |     "latency_mean_seconds": 0.04818586662497637,
  |     "ttft_p50_seconds": 0.023794183500058352,
  |     "ttft_p95_seconds": 0.025242370999853846,
  |     "latency_p50_seconds": 0.04513842649998878,
  |     "latency_p95_seconds": 0.06309690600005524,
  |     "output_tokens_per_second": 452.9055461791026,
  |     "usage_reported_for_all": true
  |   }
  | ]
  | The SFT server is still running for the optional chat. Run project.stop_server() when finished.
[2026-08-13 20:27:30] cell 28 DONE in 4m 2s
[2026-08-13 20:27:30] cell 30 START: evaluation_bound = project.analyze_evaluation_uncertainty(target_margin=0.10)
  | {
  |   "reason": "A point estimate without uncertainty can turn random prompt variation into a release claim.",
  |   "assumption": "Prompts are independent and representative; Wilson intervals do not fix biased data.",
  |   "target_margin_percentage_points": 10.0,
  |   "worst_case_samples_for_target_margin": 97,
  |   "models": [
  |     {
  |       "label": "base",
  |       "successes": 28,
  |       "trials": 40,
  |       "observed_percent": 70.0,
  |       "wilson_95_low_percent": 54.56968934567959,
  |       "wilson_95_high_percent": 81.9253290843047
  |     },
  |     {
  |       "label": "sft",
  |       "successes": 37,
  |       "trials": 40,
  |       "observed_percent": 92.5,
  |       "wilson_95_low_percent": 80.13546984090249,
  |       "wilson_95_high_percent": 97.41644432281419
  |     }
  |   ],
  |   "decision": "Treat this suite as a release smoke test; use a larger representative set for a real launch."
  | }
[2026-08-13 20:27:30] cell 30 DONE in 0m 0s
[2026-08-13 20:27:30] cell 32 START: project.stop_server()
  | Stopped the sft inference server after 2.1 minutes.
[2026-08-13 20:27:34] cell 32 DONE in 0m 3s
[2026-08-13 20:27:34] cell 34 START: scale_handoff = project.prepare_scale_handoff()
  | Checkpoint: gs://me344-tpu-labs-west4/final_projects/qanh/runs/me344-qanh-20260813t194806z-c4/checkpoints/4/items
  | GKE handoff: gs://me344-tpu-labs-west4/final_projects/qanh/scaling/handoff.json
[2026-08-13 20:27:36] cell 34 DONE in 0m 2s
[2026-08-13 20:27:36] cell 36 START: scale_report = project.collect_scale_results()
  | {
  |   "baseline": {
  |     "assignment_version": "2026.08.02.2",
  |     "checkpoint_maxtext_git_sha": "17c7172720ca813b05e5ea248dedd78a0c64612e",
  |     "runtime_maxtext_git_sha": "07a3264e056c8d57abf0e00ab567d1f074a52233",
  |     "student_id": "qanh",
  |     "mode": "baseline",
  |     "slices": 1,
  |     "workers": 1,
  |     "nodes_per_slice": 1,
  |     "chips_per_worker": 8,
  |     "chips": 8,
  |     "fabric": "ICI",
  |     "topology": "2x4",
  |     "global_batch": 256,
  |     "sequence_length": 256,
  |     "tokens_per_step": 65536,
  |     "steady_steps": 8,
  |     "source_checkpoint": "gs://me344-tpu-labs-west4/final_projects/qanh/runs/me344-qanh-20260810t005140z-c4/checkpoints/4/items",
  |     "source_next_step": 5,
  |     "command_wall_seconds": 150.425448849,
  |     "first_step_seconds": 17.727698,
  |     "steady_step_seconds": 4.045448125,
  |     "tokens_per_second": 16199.93626714822,
  |     "tokens_per_second_per_chip": 2024.9920333935274
  |   },
  |   "ici_strong": {
  |     "assignment_version": "2026.08.02.2",
  |     "checkpoint_maxtext_git_sha": "17c7172720ca813b05e5ea248dedd78a0c64612e",
  |     "runtime_maxtext_git_sha": "07a3264e056c8d57abf0e00ab567d1f074a52233",
  |     "student_id": "qanh",
  |     "mode": "ici_strong",
  |     "slices": 1,
  |     "workers": 4,
  |     "nodes_per_slice": 4,
  |     "chips_per_worker": 4,
  |     "chips": 16,
  |     "fabric": "ICI",
  |     "topology": "4x4",
  |     "global_batch": 256,
  |     "sequence_length": 256,
  |     "tokens_per_step": 65536,
  |     "steady_steps": 8,
  |     "source_checkpoint": "gs://me344-tpu-labs-west4/final_projects/qanh/runs/me344-qanh-20260810t005140z-c4/checkpoints/4/items",
  |     "source_next_step": 5,
  |     "command_wall_seconds": 111.76812479200001,
  |     "first_step_seconds": 15.812317,
  |     "steady_step_seconds": 2.021684125,
  |     "tokens_per_second": 32416.540734559418,
  |     "tokens_per_second_per_chip": 2026.0337959099636
  |   },
  |   "ici_weak": {
  |     "assignment_version": "2026.08.02.2",
  |     "checkpoint_maxtext_git_sha": "17c7172720ca813b05e5ea248dedd78a0c64612e",
  |     "runtime_maxtext_git_sha": "07a3264e056c8d57abf0e00ab567d1f074a52233",
  |     "student_id": "qanh",
  |     "mode": "ici_weak",
  |     "slices": 1,
  |     "workers": 4,
  |     "nodes_per_slice": 4,
  |     "chips_per_worker": 4,
  |     "chips": 16,
  |     "fabric": "ICI",
  |     "topology": "4x4",
  |     "global_batch": 512,
  |     "sequence_length": 256,
  |     "tokens_per_step": 131072,
  |     "steady_steps": 8,
  |     "source_checkpoint": "gs://me344-tpu-labs-west4/final_projects/qanh/runs/me344-qanh-20260810t005140z-c4/checkpoints/4/items",
  |     "source_next_step": 5,
  |     "command_wall_seconds": 119.25646227800001,
  |     "first_step_seconds": 17.601077,
  |     "steady_step_seconds": 4.061429125,
  |     "tokens_per_second": 32272.38604547747,
  |     "tokens_per_second_per_chip": 2017.0241278423418
  |   },
  |   "strong": {
  |     "assignment_version": "2026.08.02.2",
  |     "checkpoint_maxtext_git_sha": "17c7172720ca813b05e5ea248dedd78a0c64612e",
  |     "runtime_maxtext_git_sha": "07a3264e056c8d57abf0e00ab567d1f074a52233",
  |     "student_id": "qanh",
  |     "mode": "strong",
  |     "slices": 2,
  |     "workers": 2,
  |     "nodes_per_slice": 1,
  |     "chips_per_worker": 8,
  |     "chips": 16,
  |     "fabric": "DCN",
  |     "topology": "2x4",
  |     "global_batch": 256,
  |     "sequence_length": 256,
  |     "tokens_per_step": 65536,
  |     "steady_steps": 8,
  |     "source_checkpoint": "gs://me344-tpu-labs-west4/final_projects/qanh/runs/me344-qanh-20260810t005140z-c4/checkpoints/4/items",
  |     "source_next_step": 5,
  |     "command_wall_seconds": 154.045703177,
  |     "first_step_seconds": 16.963472,
  |     "steady_step_seconds": 3.103653125,
  |     "tokens_per_second": 21123.258997638335,
  |     "tokens_per_second_per_chip": 1320.203687352396
  |   },
  |   "weak": {
  |     "assignment_version": "2026.08.02.2",
  |     "checkpoint_maxtext_git_sha": "17c7172720ca813b05e5ea248dedd78a0c64612e",
  |     "runtime_maxtext_git_sha": "07a3264e056c8d57abf0e00ab567d1f074a52233",
  |     "student_id": "qanh",
  |     "mode": "weak",
  |     "slices": 2,
  |     "workers": 2,
  |     "nodes_per_slice": 1,
  |     "chips_per_worker": 8,
  |     "chips": 16,
  |     "fabric": "DCN",
  |     "topology": "2x4",
  |     "global_batch": 512,
  |     "sequence_length": 256,
  |     "tokens_per_step": 131072,
  |     "steady_steps": 8,
  |     "source_checkpoint": "gs://me344-tpu-labs-west4/final_projects/qanh/runs/me344-qanh-20260810t005140z-c4/checkpoints/4/items",
  |     "source_next_step": 5,
  |     "command_wall_seconds": 197.68730367400002,
  |     "first_step_seconds": 19.616223,
  |     "steady_step_seconds": 7.552680625,
  |     "tokens_per_second": 17354.80542876209,
  |     "tokens_per_second_per_chip": 1084.6753392976307
  |   },
  |   "ici_strong_speedup": 2.0010289052986447,
  |   "ici_strong_scaling_efficiency_percent": 100.05144526493224,
  |   "ici_weak_throughput_ratio": 1.9921304326932756,
  |   "ici_weak_scaling_efficiency_percent": 99.60652163466378,
  |   "strong_speedup": 1.3039100061445366,
  |   "strong_scaling_efficiency_percent": 65.19550030722682,
  |   "weak_throughput_ratio": 1.0712885003106973,
  |   "weak_scaling_efficiency_percent": 53.564425015534866,
  |   "ici_over_dcn_strong_ratio": 1.5346372800799213,
  |   "ici_over_dcn_weak_ratio": 1.8595648437517194,
  |   "design": {
  |     "sequence_length": 256,
  |     "one_host_global_batch": 256,
  |     "strong_global_batch": 256,
  |     "weak_global_batch": 512,
  |     "one_host_first_tested_oom_global_batch": 512,
  |     "reason": "The 16-chip trials use the same model, checkpoint, batches, and logical data/tensor layout. One 4x4 slice carries data-parallel communication over ICI; two 2x4 slices carry it over DCN."
  |   }
  | }
  | Graph: /home/student49/me344-artifacts/qanh-20260813t194806z/scale_out.png
  | Summary: /home/student49/me344-artifacts/qanh-20260813t194806z/scale_out.json
  | ICI strong: 2.00x speedup, 100.1% efficiency
  | DCN strong: 1.30x speedup, 65.2% efficiency
  | ICI weak: 1.99x throughput; DCN weak: 1.07x
[2026-08-13 20:27:48] cell 36 DONE in 0m 11s
[2026-08-13 20:27:48] cell 38 START: project.build_dashboard(); project.log_wandb()
  | wandb: Tracking run with wandb version 0.28.2
  | wandb: W&B syncing is set to `offline` in this directory. Run `wandb online` or set WANDB_MODE=online to enable cloud syncing.
  | wandb: Run data is saved locally in /home/student49/me344-artifacts/qanh-20260813t194806z/wandb/offline-run-20260813_202751-lw2h3uci
  | wandb: View this run in the terminal with `wandb leet`
  | wandb: WARNING URL not available in offline run
  | wandb: 
  | wandb: Run summary:
  | wandb:        bounds/best_peak_compute_percent 25.71202
  | wandb:       bounds/first_aot_oom_global_batch 512
  | wandb:     bounds/largest_aot_fit_global_batch 256
  | wandb: bounds/recommended_profile_global_batch 32
  | wandb:         bounds/release_samples_for_10pp 97
  | wandb:        bounds/token_utilization_percent 63.30176
  | wandb:       bounds/truncated_examples_percent 0
  | wandb:        release/base_exact_match_percent 70
  | wandb:             release/base_format_percent 100
  | wandb:     release/base_length_limited_percent 0
  | wandb:                                     +47 ...
  | wandb: 
  | wandb: You can sync this run to the cloud by running:
  | wandb: wandb sync /home/student49/me344-artifacts/qanh-20260813t194806z/wandb/offline-run-20260813_202751-lw2h3uci
  | wandb: Find logs at: /home/student49/me344-artifacts/qanh-20260813t194806z/wandb/offline-run-20260813_202751-lw2h3uci/logs
  | {
  |   "mode": "offline",
  |   "run_id": "lw2h3uci",
  |   "url": null,
  |   "offline_directory": "wandb"
  | }
[2026-08-13 20:27:51] cell 38 DONE in 0m 3s
[2026-08-13 20:27:51] === PHASE: cells through 38 complete | artifacts /home/student49/me344-artifacts/qanh-20260813t194806z ===
