/home/student49/me344_final_project/.venv-me344-posttrain/lib/python3.12/site-packages/torch/cuda/__init__.py:65: FutureWarning: The pynvml package is deprecated. Please install nvidia-ml-py instead. If you did not install pynvml directly, please report this to the maintainers of the package that installed pynvml for you.
  import pynvml  # type: ignore[import]
[transformers] DeepseekV32Config got `key=rope_scaling` in kwargs but hasn't set it as attribute. For RoPE standardization you need to set `self.rope_parameters` in model's config. 
[transformers] DeepseekV4Config got `key=rope_scaling` in kwargs but hasn't set it as attribute. For RoPE standardization you need to set `self.rope_parameters` in model's config. 
2026-08-13 20:05:15.168935: I external/local_xla/xla/tsl/cuda/cudart_stub.cc:31] Could not find cuda drivers on your machine, GPU will not be used.
2026-08-13 20:05:15.208959: I tensorflow/core/platform/cpu_feature_guard.cc:210] This TensorFlow binary is optimized to use available CPU instructions in performance-critical operations.
To enable the following instructions: AVX2 FMA, in other operations, rebuild TensorFlow with the appropriate compiler flags.
2026-08-13 20:05:16.439286: I external/local_xla/xla/tsl/cuda/cudart_stub.cc:31] Could not find cuda drivers on your machine, GPU will not be used.
2026-08-13 20:05:26.232993: E external/local_xla/xla/stream_executor/cuda/cuda_platform.cc:51] failed call to cuInit: INTERNAL: CUDA error: Failed call to cuInit: UNKNOWN ERROR (303)
I0813 20:05:26.500487 139812568857728 max_utils.py:296] Attempting to initialize the jax distributed system for TPU backend...
I0813 20:05:26.510099 139812568857728 distributed.py:149] Starting JAX distributed service on [::]:8482
I0813 20:05:26.510318   68880 grpc_credentials.cc:38] gRPC insecure server credentials are used.
I0813 20:05:26.512160 139812568857728 distributed.py:172] Connecting to JAX distributed service on 10.182.0.91:8482
I0813 20:05:26.514482 139812568857728 max_utils.py:312] Jax distributed system initialized on TPUs!
E0813 20:05:26.616675   68880 hugepage_text.cc:340] RAW: File offset incorrectly aligned for file-backed THP: (600000 & ~ffffffffffe00000) = 0 != 1000 = (201000 & ~ffffffffffe00000)
I0813 20:05:32.402182 139812568857728 max_utils.py:830] System Information: Jax Version: 0.11.0
I0813 20:05:32.402355 139812568857728 max_utils.py:831] System Information: Jaxlib Version: 0.11.0
I0813 20:05:32.402428 139812568857728 max_utils.py:832] System Information: Jax Backend: PJRT C API
TFRT TPU v5 lite
Built on Jul 15 2026 04:02:29 (1784113349) cl/948136882
I0813 20:05:32.402781 139812568857728 abstract_checkpointer.py:35] orbax-checkpoint version: 0.12.1
I0813 20:05:32.402884 139812568857728 pytree_checkpoint_handler.py:596] save_device_host_concurrent_bytes=None
I0813 20:05:32.404226 139812568857728 base_pytree_checkpoint_handler.py:501] Created BasePyTreeCheckpointHandler: use_ocdbt=True, use_zarr3=False, pytree_metadata_options=PyTreeMetadataOptions(support_rich_types=False), array_metadata_store=<orbax.checkpoint._src.metadata.array_metadata_store.Store object at 0x7f27d57ddf10>, enable_pinned_host_transfer=False, save_concurrent_bytes: 96000000000 (89.4 GiB), restore_concurrent_bytes: 96000000000 (89.4 GiB)
I0813 20:05:32.404406 139812568857728 async_checkpointer.py:192] [process=0][thread=MainThread] Using barrier_sync_fn: <function get_barrier_sync_fn.<locals>.<lambda> at 0x7f22817cc180> timeout: 1200 secs and primary_host=0 for async checkpoint writes
W0813 20:05:32.527013 139812568857728 checkpoint.py:202] Metadata file does not exist: gs://me344-tpu-labs-west4/data/qwen3-4b-instruct-2507/0/items/_CHECKPOINT_METADATA
I0813 20:05:32.653906   70556 google_auth_provider.cc:181] Running on GCE, using service account 1045700421756-compute@developer.gserviceaccount.com
I0813 20:05:32.922190 139812568857728 maxtext_utils.py:2243] Num_devices: 8, shape (1, 1, 1, 1, 1, 1, 1, 8, 1, 1, 1)
I0813 20:05:33.063372 139812568857728 maxtext_utils.py:2243] Num_devices: 8, shape (1, 1, 1, 1, 1, 1, 1, 8, 1, 1, 1)
I0813 20:05:47.233725 139812568857728 pytree_checkpoint_handler.py:596] save_device_host_concurrent_bytes=None
I0813 20:05:47.234086 139812568857728 base_pytree_checkpoint_handler.py:501] Created BasePyTreeCheckpointHandler: use_ocdbt=True, use_zarr3=True, pytree_metadata_options=PyTreeMetadataOptions(support_rich_types=False), array_metadata_store=<orbax.checkpoint._src.metadata.array_metadata_store.Store object at 0x7f27d57ddf10>, enable_pinned_host_transfer=False, save_concurrent_bytes: 96000000000 (89.4 GiB), restore_concurrent_bytes: 96000000000 (89.4 GiB)
W0813 20:05:47.345656 139812568857728 checkpoint.py:202] Metadata file does not exist: gs://me344-tpu-labs-west4/data/qwen3-4b-instruct-2507/0/items/_CHECKPOINT_METADATA
I0813 20:05:47.555554 139812568857728 event_tracking.py:76] [process=0] [sync] Started load checkpoint @ gs://me344-tpu-labs-west4/data/qwen3-4b-instruct-2507/0/items.
I0813 20:05:47.628616 139812568857728 checkpointer.py:309] Restoring checkpoint from gs://me344-tpu-labs-west4/data/qwen3-4b-instruct-2507/0/items.
I0813 20:05:47.628749 139812568857728 event_tracking.py:172] [process=0] [sync] Finished blocking load in 0.07 seconds. Continuing load @ gs://me344-tpu-labs-west4/data/qwen3-4b-instruct-2507/0/items.
I0813 20:05:53.569451 139812568857728 jax_array_handlers.py:249] [process=0] /jax/orbax/read/worker/io/requested throughput: 13.368 GiB/s (total gbytes: 76.5 GiB) (time elapsed: 5.723201274871826 s) (per-host)
I0813 20:05:53.569935 139812568857728 jax_array_handlers.py:308] [process=0] Raw /jax/orbax/read/worker/io/raw throughput: 1.026 GiB/s (total gbytes: 5.9 GiB) (time elapsed: 5.723201274871826 s) (per-host)
I0813 20:05:53.570012 139812568857728 jax_array_handlers.py:330] [process=0] Read ratio (raw/logical): 0.077 (5.9 GiB / 76.5 GiB)
W0813 20:05:53.571138 139812568857728 transform_utils.py:230] The transformations API will eventually be replaced by an upgraded design. The current API will not be removed until this point, but it will no longer be actively worked on.
I0813 20:05:53.571524 139812568857728 event_tracking.py:185] [process=0] [sync] Finished load in 6.02 seconds @ gs://me344-tpu-labs-west4/data/qwen3-4b-instruct-2507/0/items
I0813 20:05:53.633942 139812568857728 config.py:112] TensorFlow version 2.20.0 available.
I0813 20:05:53.634518 139812568857728 config.py:125] JAX version 0.11.0 available.
I0813 20:05:53.932261 139812568857728 _client.py:1025] HTTP Request: HEAD https://s3.amazonaws.com/datasets.huggingface.co/datasets/datasets/json/json.py "HTTP/1.1 200 OK"
I0813 20:05:54.087292 139812568857728 _client.py:1025] HTTP Request: HEAD https://huggingface.co/Qwen/Qwen3-4B-Instruct-2507/resolve/main/config.json "HTTP/1.1 307 Temporary Redirect"
I0813 20:05:54.097662 139812568857728 _client.py:1025] HTTP Request: HEAD https://huggingface.co/api/resolve-cache/models/Qwen/Qwen3-4B-Instruct-2507/cdbee75f17c01a7cc42f958dc650907174af0554/config.json "HTTP/1.1 200 OK"
I0813 20:05:54.191283 139812568857728 _client.py:1025] HTTP Request: HEAD https://huggingface.co/Qwen/Qwen3-4B-Instruct-2507/resolve/main/tokenizer_config.json "HTTP/1.1 307 Temporary Redirect"
I0813 20:05:54.201523 139812568857728 _client.py:1025] HTTP Request: HEAD https://huggingface.co/api/resolve-cache/models/Qwen/Qwen3-4B-Instruct-2507/cdbee75f17c01a7cc42f958dc650907174af0554/tokenizer_config.json "HTTP/1.1 200 OK"
I0813 20:05:54.288323 139812568857728 _client.py:1025] HTTP Request: GET https://huggingface.co/api/models/Qwen/Qwen3-4B-Instruct-2507/tree/main/additional_chat_templates?recursive=false&expand=false "HTTP/1.1 404 Not Found"
I0813 20:05:54.384328 139812568857728 _client.py:1025] HTTP Request: GET https://huggingface.co/api/models/Qwen/Qwen3-4B-Instruct-2507/tree/main?recursive=true&expand=false "HTTP/1.1 200 OK"
I0813 20:05:55.437647 139812568857728 _client.py:1025] HTTP Request: GET https://huggingface.co/api/models/Qwen/Qwen3-4B-Instruct-2507 "HTTP/1.1 200 OK"
I0813 20:05:55.519724 139812568857728 _client.py:1025] HTTP Request: HEAD https://s3.amazonaws.com/datasets.huggingface.co/datasets/datasets/json/json.py "HTTP/1.1 200 OK"
I0813 20:05:55.607521 139812568857728 _client.py:1025] HTTP Request: HEAD https://huggingface.co/Qwen/Qwen3-4B-Instruct-2507/resolve/main/config.json "HTTP/1.1 307 Temporary Redirect"
Warning: You are sending unauthenticated requests to the HF Hub. Please set a HF_TOKEN to enable higher rate limits and faster downloads.
W0813 20:05:55.607848 139812568857728 _http.py:951] Warning: You are sending unauthenticated requests to the HF Hub. Please set a HF_TOKEN to enable higher rate limits and faster downloads.
I0813 20:05:55.616745 139812568857728 _client.py:1025] HTTP Request: HEAD https://huggingface.co/api/resolve-cache/models/Qwen/Qwen3-4B-Instruct-2507/cdbee75f17c01a7cc42f958dc650907174af0554/config.json "HTTP/1.1 200 OK"
I0813 20:05:55.823881 139812568857728 _client.py:1025] HTTP Request: HEAD https://huggingface.co/Qwen/Qwen3-4B-Instruct-2507/resolve/main/tokenizer_config.json "HTTP/1.1 307 Temporary Redirect"
I0813 20:05:55.833868 139812568857728 _client.py:1025] HTTP Request: HEAD https://huggingface.co/api/resolve-cache/models/Qwen/Qwen3-4B-Instruct-2507/cdbee75f17c01a7cc42f958dc650907174af0554/tokenizer_config.json "HTTP/1.1 200 OK"
I0813 20:05:55.920145 139812568857728 _client.py:1025] HTTP Request: GET https://huggingface.co/api/models/Qwen/Qwen3-4B-Instruct-2507/tree/main/additional_chat_templates?recursive=false&expand=false "HTTP/1.1 404 Not Found"
I0813 20:05:56.009970 139812568857728 _client.py:1025] HTTP Request: GET https://huggingface.co/api/models/Qwen/Qwen3-4B-Instruct-2507/tree/main?recursive=true&expand=false "HTTP/1.1 200 OK"
I0813 20:05:56.437547 139812568857728 _client.py:1025] HTTP Request: GET https://huggingface.co/api/models/Qwen/Qwen3-4B-Instruct-2507 "HTTP/1.1 200 OK"
I0813 20:05:57.017194 139812568857728 pytree_checkpoint_handler.py:596] save_device_host_concurrent_bytes=None
I0813 20:05:57.017387 139812568857728 base_pytree_checkpoint_handler.py:501] Created BasePyTreeCheckpointHandler: use_ocdbt=True, use_zarr3=False, pytree_metadata_options=PyTreeMetadataOptions(support_rich_types=False), array_metadata_store=<orbax.checkpoint._src.metadata.array_metadata_store.Store object at 0x7f27d57ddf10>, enable_pinned_host_transfer=False, save_concurrent_bytes: 96000000000 (89.4 GiB), restore_concurrent_bytes: 96000000000 (89.4 GiB)
I0813 20:05:57.017456 139812568857728 pytree_checkpoint_handler.py:596] save_device_host_concurrent_bytes=None
I0813 20:05:57.017516 139812568857728 base_pytree_checkpoint_handler.py:501] Created BasePyTreeCheckpointHandler: use_ocdbt=True, use_zarr3=False, pytree_metadata_options=PyTreeMetadataOptions(support_rich_types=False), array_metadata_store=<orbax.checkpoint._src.metadata.array_metadata_store.Store object at 0x7f27d57ddf10>, enable_pinned_host_transfer=False, save_concurrent_bytes: 96000000000 (89.4 GiB), restore_concurrent_bytes: 96000000000 (89.4 GiB)
I0813 20:05:57.017584 139812568857728 checkpoint_manager.py:709] [process=0][thread=MainThread] CheckpointManager init: checkpointers=None, item_names=None, item_handlers={'model_params': <orbax.checkpoint._src.handlers.pytree_checkpoint_handler.PyTreeCheckpointHandler object at 0x7f111b1e1d90>, 'optimizer_state': <orbax.checkpoint._src.handlers.pytree_checkpoint_handler.PyTreeCheckpointHandler object at 0x7f10ed2d2330>, 'custom_metadata': <orbax.checkpoint._src.handlers.json_checkpoint_handler.JsonCheckpointHandler object at 0x7f2282e35100>}, handler_registry=None
I0813 20:05:57.017846 139812568857728 composite_checkpoint_handler.py:237] Deferred registration for item: "model_params". Adding handler `<orbax.checkpoint._src.handlers.pytree_checkpoint_handler.PyTreeCheckpointHandler object at 0x7f111b1e1d90>` for item "model_params" and save args `<class 'orbax.checkpoint._src.handlers.pytree_checkpoint_handler.PyTreeSaveArgs'>` and restore args `<class 'orbax.checkpoint._src.handlers.pytree_checkpoint_handler.PyTreeRestoreArgs'>` to `_handler_registry`.
I0813 20:05:57.017917 139812568857728 composite_checkpoint_handler.py:237] Deferred registration for item: "optimizer_state". Adding handler `<orbax.checkpoint._src.handlers.pytree_checkpoint_handler.PyTreeCheckpointHandler object at 0x7f10ed2d2330>` for item "optimizer_state" and save args `<class 'orbax.checkpoint._src.handlers.pytree_checkpoint_handler.PyTreeSaveArgs'>` and restore args `<class 'orbax.checkpoint._src.handlers.pytree_checkpoint_handler.PyTreeRestoreArgs'>` to `_handler_registry`.
I0813 20:05:57.017962 139812568857728 composite_checkpoint_handler.py:237] Deferred registration for item: "custom_metadata". Adding handler `<orbax.checkpoint._src.handlers.json_checkpoint_handler.JsonCheckpointHandler object at 0x7f2282e35100>` for item "custom_metadata" and save args `<class 'orbax.checkpoint._src.handlers.json_checkpoint_handler.JsonSaveArgs'>` and restore args `<class 'orbax.checkpoint._src.handlers.json_checkpoint_handler.JsonRestoreArgs'>` to `_handler_registry`.
I0813 20:05:57.018003 139812568857728 composite_checkpoint_handler.py:237] Deferred registration for item: "metrics". Adding handler `<orbax.checkpoint._src.handlers.json_checkpoint_handler.JsonCheckpointHandler object at 0x7f111b32a630>` for item "metrics" and save args `<class 'orbax.checkpoint._src.handlers.json_checkpoint_handler.JsonSaveArgs'>` and restore args `<class 'orbax.checkpoint._src.handlers.json_checkpoint_handler.JsonRestoreArgs'>` to `_handler_registry`.
I0813 20:05:57.018050 139812568857728 composite_checkpoint_handler.py:505] Initialized registry DefaultCheckpointHandlerRegistry({('model_params', <class 'orbax.checkpoint._src.handlers.pytree_checkpoint_handler.PyTreeSaveArgs'>): <orbax.checkpoint._src.handlers.pytree_checkpoint_handler.PyTreeCheckpointHandler object at 0x7f111b1e1d90>, ('model_params', <class 'orbax.checkpoint._src.handlers.pytree_checkpoint_handler.PyTreeRestoreArgs'>): <orbax.checkpoint._src.handlers.pytree_checkpoint_handler.PyTreeCheckpointHandler object at 0x7f111b1e1d90>, ('optimizer_state', <class 'orbax.checkpoint._src.handlers.pytree_checkpoint_handler.PyTreeSaveArgs'>): <orbax.checkpoint._src.handlers.pytree_checkpoint_handler.PyTreeCheckpointHandler object at 0x7f10ed2d2330>, ('optimizer_state', <class 'orbax.checkpoint._src.handlers.pytree_checkpoint_handler.PyTreeRestoreArgs'>): <orbax.checkpoint._src.handlers.pytree_checkpoint_handler.PyTreeCheckpointHandler object at 0x7f10ed2d2330>, ('custom_metadata', <class 'orbax.checkpoint._src.handlers.json_checkpoint_handler.JsonSaveArgs'>): <orbax.checkpoint._src.handlers.json_checkpoint_handler.JsonCheckpointHandler object at 0x7f2282e35100>, ('custom_metadata', <class 'orbax.checkpoint._src.handlers.json_checkpoint_handler.JsonRestoreArgs'>): <orbax.checkpoint._src.handlers.json_checkpoint_handler.JsonCheckpointHandler object at 0x7f2282e35100>, ('metrics', <class 'orbax.checkpoint._src.handlers.json_checkpoint_handler.JsonSaveArgs'>): <orbax.checkpoint._src.handlers.json_checkpoint_handler.JsonCheckpointHandler object at 0x7f111b32a630>, ('metrics', <class 'orbax.checkpoint._src.handlers.json_checkpoint_handler.JsonRestoreArgs'>): <orbax.checkpoint._src.handlers.json_checkpoint_handler.JsonCheckpointHandler object at 0x7f111b32a630>}).
I0813 20:05:57.449537 139812568857728 checkpoint_manager.py:565] Created directory=gs://me344-tpu-labs-west4/final_projects/qanh/runs/me344-qanh-20260813t194806z-sft/checkpoints
I0813 20:05:57.591214 139812568857728 checkpoint_manager.py:1820] Found 0 checkpoint steps in gs://me344-tpu-labs-west4/final_projects/qanh/runs/me344-qanh-20260813t194806z-sft/checkpoints
I0813 20:05:57.591420 139812568857728 checkpoint_manager.py:931] [process=0][thread=MainThread] CheckpointManager created,  primary_host=0, CheckpointManagerOptions=CheckpointManagerOptions(save_interval_steps=200, max_to_keep=None, keep_time_interval=None, keep_period=None, should_keep_fn=None, best_fn=None, best_mode='max', keep_checkpoints_without_metrics=True, step_prefix=None, step_format_fixed_length=None, step_name_format=None, create=True, cleanup_tmp_directories=False, save_on_steps=frozenset(), single_host_load_and_broadcast=False, todelete_subdir=None, todelete_full_path=None, enable_background_delete=False, num_deletion_threads=None, read_only=False, enable_async_checkpointing=False, async_options=None, multiprocessing_options=MultiprocessingOptions(primary_host=0, active_processes=None, barrier_sync_key_prefix=None), should_save_fn=None, file_options=FileOptions(path_permission_mode=None), save_root_metadata=True, temporary_path_class=None, save_decision_policy=None, preservation_policy=None, prevent_write_metrics=False, enable_should_save_is_saving_in_progress_check=True, enable_per_process_directory_creation=False, lightweight_initialize=False), root_directory=gs://me344-tpu-labs-west4/final_projects/qanh/runs/me344-qanh-20260813t194806z-sft/checkpoints: <orbax.checkpoint.checkpoint_manager.CheckpointManager object at 0x7f107c6ab710>
wandb: WARNING The anonymous setting has no effect and will be removed in a future version.
wandb: Tracking run with wandb version 0.28.2
wandb: W&B syncing is set to `offline` in this directory. Run `wandb online` or set WANDB_MODE=online to enable cloud syncing.
wandb: Run data is saved locally in /home/student49/me344_final_project/wandb/offline-run-20260813_200559-4aajuyyg
wandb: View this run in the terminal with `wandb leet`
wandb: WARNING URL not available in offline run
I0813 20:06:00.086126 139812568857728 wandb_backend.py:60] W&B run URL: None
I0813 20:06:00.086544 139812568857728 peft_trainer.py:598] Training with mesh: Mesh()
I0813 20:06:00.107972 139812568857728 peft_trainer.py:608] Compiled train_step cache size: 0
I0813 20:06:00.108205 139812568857728 peft_trainer.py:802] Running evaluation on train step 0.
/home/student49/me344_final_project/.venv-me344-posttrain/lib/python3.12/site-packages/torch/cuda/__init__.py:65: FutureWarning: The pynvml package is deprecated. Please install nvidia-ml-py instead. If you did not install pynvml directly, please report this to the maintainers of the package that installed pynvml for you.
  import pynvml  # type: ignore[import]
[transformers] DeepseekV32Config got `key=rope_scaling` in kwargs but hasn't set it as attribute. For RoPE standardization you need to set `self.rope_parameters` in model's config. 
[transformers] DeepseekV4Config got `key=rope_scaling` in kwargs but hasn't set it as attribute. For RoPE standardization you need to set `self.rope_parameters` in model's config. 
2026-08-13 20:06:07.422309: I external/local_xla/xla/tsl/cuda/cudart_stub.cc:31] Could not find cuda drivers on your machine, GPU will not be used.
2026-08-13 20:06:07.461917: I tensorflow/core/platform/cpu_feature_guard.cc:210] This TensorFlow binary is optimized to use available CPU instructions in performance-critical operations.
To enable the following instructions: AVX2 FMA, in other operations, rebuild TensorFlow with the appropriate compiler flags.
2026-08-13 20:06:08.651823: I external/local_xla/xla/tsl/cuda/cudart_stub.cc:31] Could not find cuda drivers on your machine, GPU will not be used.
I0813 20:06:26.877949 139812568857728 peft_trainer.py:840] Train step 0 eval loss: 0.805836 - eval perplexity: 2.238567
I0813 20:06:27.110453 139812568857728 metric_logger.py:249] Completed eval after train step 0, loss=0.806, perplexity=2.239, total_weights=156.0, avg_z_loss=0.000
I0813 20:06:34.727336 139812568857728 metric_logger.py:365] number parameters: 4.022 billion
Per train step:
 Total TFLOPs: 3.12 
 split as 99.07% learnable weight flops and 0.93% attention flops
/home/student49/me344_final_project/.venv-me344-posttrain/lib/python3.12/site-packages/torch/cuda/__init__.py:65: FutureWarning: The pynvml package is deprecated. Please install nvidia-ml-py instead. If you did not install pynvml directly, please report this to the maintainers of the package that installed pynvml for you.
  import pynvml  # type: ignore[import]
[transformers] DeepseekV32Config got `key=rope_scaling` in kwargs but hasn't set it as attribute. For RoPE standardization you need to set `self.rope_parameters` in model's config. 
[transformers] DeepseekV4Config got `key=rope_scaling` in kwargs but hasn't set it as attribute. For RoPE standardization you need to set `self.rope_parameters` in model's config. 
2026-08-13 20:06:42.074099: I external/local_xla/xla/tsl/cuda/cudart_stub.cc:31] Could not find cuda drivers on your machine, GPU will not be used.
2026-08-13 20:06:42.114181: I tensorflow/core/platform/cpu_feature_guard.cc:210] This TensorFlow binary is optimized to use available CPU instructions in performance-critical operations.
To enable the following instructions: AVX2 FMA, in other operations, rebuild TensorFlow with the appropriate compiler flags.
2026-08-13 20:06:43.293128: I external/local_xla/xla/tsl/cuda/cudart_stub.cc:31] Could not find cuda drivers on your machine, GPU will not be used.
I0813 20:06:53.155173 139812568857728 checkpoint_manager.py:2017] [process=0][thread=MainThread][wait_until_finished] No Save Finalize thread to wait for. Returning.
I0813 20:06:53.155603 139812568857728 checkpoint_manager.py:1514] [process=0] Saving checkpoint at step 1
I0813 20:06:53.156071 139812568857728 event_tracking.py:76] [process=0] [sync] Started save checkpoint @ gs://me344-tpu-labs-west4/final_projects/qanh/runs/me344-qanh-20260813t194806z-sft/checkpoints/1.
I0813 20:06:53.332647 139812568857728 atomicity.py:140] Creating tmp directory gs://me344-tpu-labs-west4/final_projects/qanh/runs/me344-qanh-20260813t194806z-sft/checkpoints/1
I0813 20:06:53.767568 139812568857728 checkpoint.py:188] Wrote Metadata={'item_handlers': None, 'metrics': {}, 'performance_metrics': {}, 'init_timestamp_nsecs': 1786651613653102548, 'commit_timestamp_nsecs': None, 'custom_metadata': {}}, json={"item_handlers": null, "metrics": {}, "performance_metrics": {}, "init_timestamp_nsecs": 1786651613653102548, "commit_timestamp_nsecs": null, "custom_metadata": {}} to gs://me344-tpu-labs-west4/final_projects/qanh/runs/me344-qanh-20260813t194806z-sft/checkpoints/1/_CHECKPOINT_METADATA
I0813 20:06:53.768735 139812568857728 signaling_client.py:370] Using JaxDistributedSignalingClient
I0813 20:06:53.770210 139812568857728 future.py:372] [process=0][thread=MainThread][operation_id=1] _SignalingThread.join() waiting for signals ([]) blocking the main thread will slow down blocking save times. This is likely due to main thread calling result() on a CommitFuture.
I0813 20:06:53.823031 139708335257152 atomicity.py:140] Creating tmp directory gs://me344-tpu-labs-west4/final_projects/qanh/runs/me344-qanh-20260813t194806z-sft/checkpoints/1/model_params
I0813 20:06:53.828510 139708335257152 atomicity.py:140] Creating tmp directory gs://me344-tpu-labs-west4/final_projects/qanh/runs/me344-qanh-20260813t194806z-sft/checkpoints/1/optimizer_state
I0813 20:06:54.085936 139812568857728 jax_array_handlers.py:521] Scheduling D2H of 37 prioritized jax.Array.
I0813 20:06:54.086189 139812568857728 replica_slices.py:425] Transferring arrays to host memory with options: use_replica_parallel=True, min_slice_bytes_for_replica_parallel=None, max_replicas_for_replica_parallel=None, enable_pinned_host_transfer=False
I0813 20:07:22.645628 139812568857728 async_io_engine.py:150] [process=0][thread=MainThread] Initiated "orbax.checkpoint._src.serialization.jax_array_handlers.ArrayHandler".serialize. Time taken: 28.562226s
I0813 20:07:22.648629 139708310079040 tensorstore_utils.py:593] Array name: 'decoder.layers.mlp.wi_0.kernel.value', global shape: (2560, 36, 9728), write shape: (2560, 36, 1216), chosen chunk shape: (2560, 36, 608)
I0813 20:07:22.649683 139708310079040 tensorstore_utils.py:593] Array name: 'decoder.layers.mlp.wi_1.kernel.value', global shape: (2560, 36, 9728), write shape: (2560, 36, 1216), chosen chunk shape: (2560, 36, 608)
I0813 20:07:22.649856 139812568857728 jax_array_handlers.py:521] Scheduling D2H of 29 prioritized jax.Array.
I0813 20:07:22.650192 139708310079040 tensorstore_utils.py:593] Array name: 'decoder.layers.mlp.wo.kernel.value', global shape: (9728, 36, 2560), write shape: (1216, 36, 2560), chosen chunk shape: (608, 36, 2560)
I0813 20:07:22.651066 139812568857728 replica_slices.py:425] Transferring arrays to host memory with options: use_replica_parallel=True, min_slice_bytes_for_replica_parallel=None, max_replicas_for_replica_parallel=None, enable_pinned_host_transfer=False
I0813 20:07:23.050995 139708310079040 array_metadata_store.py:203] [process=0][thread=array_type_handler] Wrote 37 array_metadata.ArrayMetadata to gs://me344-tpu-labs-west4/final_projects/qanh/runs/me344-qanh-20260813t194806z-sft/checkpoints/1/model_params/array_metadatas/process_0
I0813 20:07:35.687557 139708310079040 jax_array_handlers.py:249] [process=0] /jax/orbax/write/worker/io/requested throughput: 1.149 GiB/s (total gbytes: 15.0 GiB) (time elapsed: 13.040721654891968 s) (per-host)
I0813 20:07:44.330670 139708310079040 jax_array_handlers.py:308] [process=0] Raw /jax/orbax/write/worker/io/raw throughput: 566.804 MiB/s (total gbytes: 7.2 GiB) (time elapsed: 13.040721654891968 s) (per-host)
I0813 20:07:44.931905 139708310079040 jax_array_handlers.py:330] [process=0] Write ratio (raw/logical): 0.482 (7.2 GiB / 15.0 GiB)
I0813 20:07:55.350708 139812568857728 async_io_engine.py:150] [process=0][thread=MainThread] Initiated "orbax.checkpoint._src.serialization.jax_array_handlers.ArrayHandler".serialize. Time taken: 32.704646s
I0813 20:07:55.351221 139812568857728 async_io_engine.py:221] MemoryRegulated: Peak usage: 0.000000 GiB
I0813 20:07:55.353158 139708961867328 tensorstore_utils.py:593] Array name: 'opt_state.1.0.mu.decoder.layers.mlp.wi_0.kernel.value', global shape: (2560, 36, 9728), write shape: (2560, 36, 1216), chosen chunk shape: (2560, 36, 608)
I0813 20:07:55.354116 139708961867328 tensorstore_utils.py:593] Array name: 'opt_state.1.0.mu.decoder.layers.mlp.wi_1.kernel.value', global shape: (2560, 36, 9728), write shape: (2560, 36, 1216), chosen chunk shape: (2560, 36, 608)
I0813 20:07:55.354724 139708961867328 tensorstore_utils.py:593] Array name: 'opt_state.1.0.mu.decoder.layers.mlp.wo.kernel.value', global shape: (9728, 36, 2560), write shape: (1216, 36, 2560), chosen chunk shape: (608, 36, 2560)
I0813 20:07:55.356028 139708961867328 tensorstore_utils.py:593] Array name: 'opt_state.1.0.nu.decoder.layers.mlp.wi_0.kernel.value', global shape: (2560, 36, 9728), write shape: (2560, 36, 1216), chosen chunk shape: (2560, 36, 608)
I0813 20:07:55.356396 139812568857728 async_io_engine.py:122] [process=0] /jax/orbax/write/blocking_gbytes_per_sec: 250.405 MiB/s (total size: 15.0 GiB) (time elapsed: 61.278828382492065 s) (global)
I0813 20:07:55.357298 139708961867328 tensorstore_utils.py:593] Array name: 'opt_state.1.0.nu.decoder.layers.mlp.wi_1.kernel.value', global shape: (2560, 36, 9728), write shape: (2560, 36, 1216), chosen chunk shape: (2560, 36, 608)
I0813 20:07:55.361398 139708961867328 tensorstore_utils.py:593] Array name: 'opt_state.1.0.nu.decoder.layers.mlp.wo.kernel.value', global shape: (9728, 36, 2560), write shape: (1216, 36, 2560), chosen chunk shape: (608, 36, 2560)
I0813 20:07:55.416361 139812568857728 base_pytree_checkpoint_handler.py:750] [process=0][thread=MainThread] Initiated Pytree async_save. Time taken: 61.338812s (batch_requests_ready=0.003457s, total_serialization_initiated=61.272473s, others=0.062882s)
I0813 20:07:55.416558 139812568857728 async_io_engine.py:221] MemoryRegulated: Peak usage: 0.000000 GiB
I0813 20:07:55.417845 139812568857728 async_io_engine.py:122] [process=0] /jax/orbax/write/blocking_gbytes_per_sec: 500.336 MiB/s (total size: 30.0 GiB) (time elapsed: 61.33679914474487 s) (global)
I0813 20:07:55.491841 139812568857728 base_pytree_checkpoint_handler.py:750] [process=0][thread=MainThread] Initiated Pytree async_save. Time taken: 61.410802s (batch_requests_ready=0.002339s, total_serialization_initiated=61.333483s, others=0.074980s)
I0813 20:07:55.492057 139812568857728 composite_checkpoint_handler.py:715] [process=0][thread=MainThread] Initiated CompositeCheckpointHandler.async_save. Time taken: 61.723398s (all_items=0.000026s, per_item={'model_params': '0.00002098', 'optimizer_state': '0.00000548'}, temp_paths=61.723372)
I0813 20:07:55.492290 139812568857728 future.py:372] [process=0][thread=MainThread][operation_id=1] _SignalingThread.join() waiting for signals ([]) blocking the main thread will slow down blocking save times. This is likely due to main thread calling result() on a CommitFuture.
I0813 20:07:55.635055 139708075083328 base_pytree_checkpoint_handler.py:1250] [process=0][thread=write_metadata_after_commits] Commit + Array metadata written. Time taken: 0.278176s (commit=0.003964s, array_metadata_write=0.274212s)
I0813 20:07:55.636277 139812568857728 async_io_engine.py:122] [process=0] /jax/orbax/write/gbytes_per_sec: 249.266 MiB/s (total size: 15.0 GiB) (time elapsed: 61.55871605873108 s) (global)
I0813 20:07:55.764274 139708961867328 array_metadata_store.py:203] [process=0][thread=array_type_handler] Wrote 29 array_metadata.ArrayMetadata to gs://me344-tpu-labs-west4/final_projects/qanh/runs/me344-qanh-20260813t194806z-sft/checkpoints/1/optimizer_state/array_metadatas/process_0
I0813 20:07:55.766539 139812568857728 future.py:372] [process=0][thread=MainThread][operation_id=1] _SignalingThread.join() waiting for signals ([]) blocking the main thread will slow down blocking save times. This is likely due to main thread calling result() on a CommitFuture.
I0813 20:08:13.182067 139708961867328 jax_array_handlers.py:249] [process=0] /jax/orbax/write/worker/io/requested throughput: 1.681 GiB/s (total gbytes: 30.0 GiB) (time elapsed: 17.829564094543457 s) (per-host)
I0813 20:08:13.311807 139708961867328 jax_array_handlers.py:308] [process=0] Raw /jax/orbax/write/worker/io/raw throughput: 1.561 GiB/s (total gbytes: 27.8 GiB) (time elapsed: 17.829564094543457 s) (per-host)
I0813 20:08:13.420389 139708961867328 jax_array_handlers.py:330] [process=0] Write ratio (raw/logical): 0.929 (27.8 GiB / 30.0 GiB)
I0813 20:08:13.797136 139708310341184 base_pytree_checkpoint_handler.py:1250] [process=0][thread=write_metadata_after_commits] Commit + Array metadata written. Time taken: 18.378612s (commit=18.120143s, array_metadata_write=0.258469s)
I0813 20:08:13.798796 139812568857728 async_io_engine.py:122] [process=0] /jax/orbax/write/gbytes_per_sec: 384.971 MiB/s (total size: 30.0 GiB) (time elapsed: 79.7176570892334 s) (global)
I0813 20:08:14.073280 139812568857728 checkpoint.py:228] Read Metadata={'item_handlers': None, 'metrics': {}, 'performance_metrics': {}, 'init_timestamp_nsecs': 1786651613653102548, 'commit_timestamp_nsecs': None, 'custom_metadata': {}} from gs://me344-tpu-labs-west4/final_projects/qanh/runs/me344-qanh-20260813t194806z-sft/checkpoints/1/_CHECKPOINT_METADATA
I0813 20:08:14.239471 139812568857728 checkpoint.py:247] Updated Metadata={'item_handlers': {'model_params': 'orbax.checkpoint._src.handlers.pytree_checkpoint_handler.PyTreeCheckpointHandler', 'optimizer_state': 'orbax.checkpoint._src.handlers.pytree_checkpoint_handler.PyTreeCheckpointHandler'}, 'metrics': {}, 'performance_metrics': {}, 'init_timestamp_nsecs': 1786651613653102548, 'commit_timestamp_nsecs': None, 'custom_metadata': {}} to gs://me344-tpu-labs-west4/final_projects/qanh/runs/me344-qanh-20260813t194806z-sft/checkpoints/1/_CHECKPOINT_METADATA
I0813 20:08:14.883546 139812568857728 event_tracking.py:172] [process=0] [sync] Finished blocking save in 81.08 seconds. Continuing save @ gs://me344-tpu-labs-west4/final_projects/qanh/runs/me344-qanh-20260813t194806z-sft/checkpoints/1.
I0813 20:08:15.031119 139812568857728 array_metadata_store.py:367] [process=0][thread=MainThread] Skipped cross-host ArrayMetadata validation because only one process is found: process_index=0.
I0813 20:08:15.110694 139812568857728 base_pytree_checkpoint_handler.py:1374] [process=0][thread=MainThread] Pytree save finalize (merge_ocdbt + ArrayMetadata validation) completed. Time taken: 0.226660s. use_zarr3=False, enable_post_merge_validation=True, directory=gs://me344-tpu-labs-west4/final_projects/qanh/runs/me344-qanh-20260813t194806z-sft/checkpoints/1/model_params
I0813 20:08:15.111656 139812568857728 atomicity.py:664] Finalizing gs://me344-tpu-labs-west4/final_projects/qanh/runs/me344-qanh-20260813t194806z-sft/checkpoints/1/model_params
I0813 20:08:15.357045 139812568857728 array_metadata_store.py:367] [process=0][thread=MainThread] Skipped cross-host ArrayMetadata validation because only one process is found: process_index=0.
I0813 20:08:15.475633 139812568857728 base_pytree_checkpoint_handler.py:1374] [process=0][thread=MainThread] Pytree save finalize (merge_ocdbt + ArrayMetadata validation) completed. Time taken: 0.215203s. use_zarr3=False, enable_post_merge_validation=True, directory=gs://me344-tpu-labs-west4/final_projects/qanh/runs/me344-qanh-20260813t194806z-sft/checkpoints/1/optimizer_state
I0813 20:08:15.476472 139812568857728 atomicity.py:664] Finalizing gs://me344-tpu-labs-west4/final_projects/qanh/runs/me344-qanh-20260813t194806z-sft/checkpoints/1/optimizer_state
I0813 20:08:15.602117 139812568857728 atomicity.py:664] Finalizing gs://me344-tpu-labs-west4/final_projects/qanh/runs/me344-qanh-20260813t194806z-sft/checkpoints/1
I0813 20:08:15.984345 139812568857728 atomicity.py:847] [process=0][thread=MainThread] Finished saving checkpoint (finalized tmp dir) to `gs://me344-tpu-labs-west4/final_projects/qanh/runs/me344-qanh-20260813t194806z-sft/checkpoints/1`.
I0813 20:08:15.985106 139812568857728 event_tracking.py:185] [process=0] [sync] Finished save in 82.83 seconds @ gs://me344-tpu-labs-west4/final_projects/qanh/runs/me344-qanh-20260813t194806z-sft/checkpoints/1
I0813 20:08:16.049020 139812568857728 deleter.py:374] Queuing deletion of steps: [].
I0813 20:08:16.049154 139812568857728 checkpoint_manager.py:2145] [process=0][thread=MainThread][step=1] CheckpointManager Save Finalize is syncing with other hosts...
I0813 20:08:16.049344 139812568857728 checkpoint_manager.py:2154] [process=0][thread=MainThread][step=1] CheckpointManager Save Finalize is done on all hosts.
I0813 20:08:16.049541 139812568857728 checkpoint_manager.py:1583] [process=0][thread=MainThread][step=1] Finished synchronous save.
I0813 20:08:16.049695 139812568857728 standard_logger.py:34] {'step': 1, 'event_type': 'save', 'directory': 'gs://me344-tpu-labs-west4/final_projects/qanh/runs/me344-qanh-20260813t194806z-sft/checkpoints', 'reached_preemption': False, 'preemption_received_at': None, 'synchronous': True, 'wait_for_prev_start_time': 1786651613.1551483, 'wait_for_prev_duration_secs': 0.00028634071350097656, 'time_between_consecutive_saves_sec': None, 'checkpointer_blocking_start_time': 1786651613.15596, 'checkpointer_blocking_duration_secs': 82.82928848266602, 'get_old_steps_start_time': 1786651695.9852674, 'get_old_steps_duration_secs': 0.06366181373596191, 'checkpoint_manager_blocking_start_time': 1786651613.1550345, 'checkpoint_manager_blocking_duration_secs': 82.89463472366333}
I0813 20:08:16.078794 139812568857728 peft_trainer.py:488] Train step 1 training loss: 0.696695  - training perplexity: 2.007108
I0813 20:08:16.079502 139812568857728 max_utils.py:777] 
Memstats: After params initialized:
I0813 20:08:16.079760 139812568857728 max_utils.py:783] 	Using (GB) 7.59 / 15.75 (48.190476%) on TPU_0(process=0,(0,0,0,0))
I0813 20:08:16.079957 139812568857728 max_utils.py:783] 	Using (GB) 7.59 / 15.75 (48.190476%) on TPU_1(process=0,(1,0,0,0))
I0813 20:08:16.080115 139812568857728 max_utils.py:783] 	Using (GB) 7.59 / 15.75 (48.190476%) on TPU_2(process=0,(0,1,0,0))
I0813 20:08:16.080298 139812568857728 max_utils.py:783] 	Using (GB) 7.59 / 15.75 (48.190476%) on TPU_3(process=0,(1,1,0,0))
I0813 20:08:16.080445 139812568857728 max_utils.py:783] 	Using (GB) 7.59 / 15.75 (48.190476%) on TPU_4(process=0,(0,2,0,0))
I0813 20:08:16.080672 139812568857728 max_utils.py:783] 	Using (GB) 7.59 / 15.75 (48.190476%) on TPU_5(process=0,(1,2,0,0))
I0813 20:08:16.080815 139812568857728 max_utils.py:783] 	Using (GB) 7.59 / 15.75 (48.190476%) on TPU_6(process=0,(0,3,0,0))
I0813 20:08:16.081013 139812568857728 max_utils.py:783] 	Using (GB) 7.59 / 15.75 (48.190476%) on TPU_7(process=0,(1,3,0,0))
I0813 20:08:33.290899 139812568857728 metric_logger.py:226] completed step: 1, seconds: 101.285, TFLOP/s/device: 0.031, Tokens/s/device: 1.264, total_weights: 53, loss: 0.697, lm_loss: 0.000, perplexity: 2.007
I0813 20:08:33.307932 139812568857728 peft_trainer.py:488] Train step 2 training loss: 1.450176  - training perplexity: 4.263864
I0813 20:08:33.314438 139812568857728 metric_logger.py:226] completed step: 2, seconds: 17.228, TFLOP/s/device: 0.181, Tokens/s/device: 7.430, total_weights: 61, loss: 1.450, lm_loss: 0.000, perplexity: 2.925
I0813 20:08:33.413140 139812568857728 peft_trainer.py:488] Train step 3 training loss: 1.673082  - training perplexity: 5.328567
I0813 20:08:33.419474 139812568857728 metric_logger.py:226] completed step: 3, seconds: 0.105, TFLOP/s/device: 29.663, Tokens/s/device: 1217.690, total_weights: 48, loss: 1.673, lm_loss: 0.000, perplexity: 3.573
I0813 20:08:33.518344 139812568857728 peft_trainer.py:488] Train step 4 training loss: 0.000508  - training perplexity: 1.000508
I0813 20:08:33.524714 139812568857728 metric_logger.py:226] completed step: 4, seconds: 0.105, TFLOP/s/device: 29.634, Tokens/s/device: 1216.490, total_weights: 59, loss: 0.001, lm_loss: 0.000, perplexity: 2.599
I0813 20:08:33.623686 139812568857728 peft_trainer.py:488] Train step 5 training loss: 0.298752  - training perplexity: 1.348175
I0813 20:08:33.630078 139812568857728 metric_logger.py:226] completed step: 5, seconds: 0.105, TFLOP/s/device: 29.573, Tokens/s/device: 1213.981, total_weights: 57, loss: 0.299, lm_loss: 0.000, perplexity: 2.279
I0813 20:08:33.728935 139812568857728 peft_trainer.py:488] Train step 6 training loss: 0.013238  - training perplexity: 1.013326
I0813 20:08:33.735101 139812568857728 metric_logger.py:226] completed step: 6, seconds: 0.105, TFLOP/s/device: 29.666, Tokens/s/device: 1217.794, total_weights: 50, loss: 0.013, lm_loss: 0.000, perplexity: 1.991
I0813 20:08:33.834239 139812568857728 peft_trainer.py:488] Train step 7 training loss: 0.095702  - training perplexity: 1.100431
I0813 20:08:33.840474 139812568857728 metric_logger.py:226] completed step: 7, seconds: 0.105, TFLOP/s/device: 29.603, Tokens/s/device: 1215.238, total_weights: 46, loss: 0.096, lm_loss: 0.000, perplexity: 1.829
I0813 20:08:33.939659 139812568857728 peft_trainer.py:488] Train step 8 training loss: 0.809157  - training perplexity: 2.246014
I0813 20:08:33.945845 139812568857728 metric_logger.py:226] completed step: 8, seconds: 0.105, TFLOP/s/device: 29.565, Tokens/s/device: 1213.677, total_weights: 49, loss: 0.809, lm_loss: 0.000, perplexity: 1.877
I0813 20:08:34.044783 139812568857728 peft_trainer.py:488] Train step 9 training loss: 0.153479  - training perplexity: 1.165883
I0813 20:08:34.050959 139812568857728 metric_logger.py:226] completed step: 9, seconds: 0.105, TFLOP/s/device: 29.675, Tokens/s/device: 1218.161, total_weights: 53, loss: 0.153, lm_loss: 0.000, perplexity: 1.780
I0813 20:08:34.149901 139812568857728 peft_trainer.py:488] Train step 10 training loss: 1.040111  - training perplexity: 2.829531
I0813 20:08:34.156081 139812568857728 metric_logger.py:226] completed step: 10, seconds: 0.105, TFLOP/s/device: 29.684, Tokens/s/device: 1218.567, total_weights: 52, loss: 1.040, lm_loss: 0.000, perplexity: 1.865
I0813 20:08:34.255229 139812568857728 peft_trainer.py:488] Train step 11 training loss: 1.059530  - training perplexity: 2.885014
I0813 20:08:34.261486 139812568857728 metric_logger.py:226] completed step: 11, seconds: 0.105, TFLOP/s/device: 29.574, Tokens/s/device: 1214.042, total_weights: 48, loss: 1.060, lm_loss: 0.000, perplexity: 1.940
I0813 20:08:34.360484 139812568857728 peft_trainer.py:488] Train step 12 training loss: 1.396621  - training perplexity: 4.041519
I0813 20:08:34.366618 139812568857728 metric_logger.py:226] completed step: 12, seconds: 0.105, TFLOP/s/device: 29.632, Tokens/s/device: 1216.413, total_weights: 62, loss: 1.397, lm_loss: 0.000, perplexity: 2.063
I0813 20:08:34.465657 139812568857728 peft_trainer.py:488] Train step 13 training loss: 0.000002  - training perplexity: 1.000002
I0813 20:08:34.471930 139812568857728 metric_logger.py:226] completed step: 13, seconds: 0.105, TFLOP/s/device: 29.641, Tokens/s/device: 1216.770, total_weights: 58, loss: 0.000, lm_loss: 0.000, perplexity: 1.951
I0813 20:08:34.570903 139812568857728 peft_trainer.py:488] Train step 14 training loss: 1.805652  - training perplexity: 6.083940
I0813 20:08:34.577155 139812568857728 metric_logger.py:226] completed step: 14, seconds: 0.105, TFLOP/s/device: 29.633, Tokens/s/device: 1216.464, total_weights: 53, loss: 1.806, lm_loss: 0.000, perplexity: 2.116
I0813 20:08:34.676074 139812568857728 peft_trainer.py:488] Train step 15 training loss: 0.127177  - training perplexity: 1.135618
I0813 20:08:34.682345 139812568857728 metric_logger.py:226] completed step: 15, seconds: 0.105, TFLOP/s/device: 29.645, Tokens/s/device: 1216.956, total_weights: 50, loss: 0.127, lm_loss: 0.000, perplexity: 2.030
I0813 20:08:34.780974 139812568857728 peft_trainer.py:488] Train step 16 training loss: 0.439660  - training perplexity: 1.552179
I0813 20:08:34.787165 139812568857728 metric_logger.py:226] completed step: 16, seconds: 0.105, TFLOP/s/device: 29.745, Tokens/s/device: 1221.059, total_weights: 57, loss: 0.440, lm_loss: 0.000, perplexity: 1.996
I0813 20:08:34.886262 139812568857728 peft_trainer.py:488] Train step 17 training loss: 0.102274  - training perplexity: 1.107687
I0813 20:08:34.892522 139812568857728 metric_logger.py:226] completed step: 17, seconds: 0.105, TFLOP/s/device: 29.589, Tokens/s/device: 1214.648, total_weights: 54, loss: 0.102, lm_loss: 0.000, perplexity: 1.928
I0813 20:08:34.991250 139812568857728 peft_trainer.py:488] Train step 18 training loss: 0.807204  - training perplexity: 2.241632
I0813 20:08:34.997496 139812568857728 metric_logger.py:226] completed step: 18, seconds: 0.105, TFLOP/s/device: 29.681, Tokens/s/device: 1218.419, total_weights: 63, loss: 0.807, lm_loss: 0.000, perplexity: 1.944
I0813 20:08:35.096407 139812568857728 peft_trainer.py:488] Train step 19 training loss: 0.260986  - training perplexity: 1.298209
I0813 20:08:35.102635 139812568857728 metric_logger.py:226] completed step: 19, seconds: 0.105, TFLOP/s/device: 29.675, Tokens/s/device: 1218.165, total_weights: 48, loss: 0.261, lm_loss: 0.000, perplexity: 1.903
I0813 20:08:35.201404 139812568857728 peft_trainer.py:488] Train step 20 training loss: 0.002817  - training perplexity: 1.002821
I0813 20:08:35.207571 139812568857728 metric_logger.py:226] completed step: 20, seconds: 0.105, TFLOP/s/device: 29.692, Tokens/s/device: 1218.893, total_weights: 59, loss: 0.003, lm_loss: 0.000, perplexity: 1.843
I0813 20:08:35.306435 139812568857728 peft_trainer.py:488] Train step 21 training loss: 0.092145  - training perplexity: 1.096524
I0813 20:08:35.312746 139812568857728 metric_logger.py:226] completed step: 21, seconds: 0.105, TFLOP/s/device: 29.687, Tokens/s/device: 1218.675, total_weights: 54, loss: 0.092, lm_loss: 0.000, perplexity: 1.798
I0813 20:08:35.411393 139812568857728 peft_trainer.py:488] Train step 22 training loss: 0.114121  - training perplexity: 1.120888
I0813 20:08:35.417558 139812568857728 metric_logger.py:226] completed step: 22, seconds: 0.105, TFLOP/s/device: 29.705, Tokens/s/device: 1219.427, total_weights: 64, loss: 0.114, lm_loss: 0.000, perplexity: 1.760
I0813 20:08:35.516749 139812568857728 peft_trainer.py:488] Train step 23 training loss: 0.073632  - training perplexity: 1.076411
I0813 20:08:35.522836 139812568857728 metric_logger.py:226] completed step: 23, seconds: 0.105, TFLOP/s/device: 29.611, Tokens/s/device: 1215.540, total_weights: 55, loss: 0.074, lm_loss: 0.000, perplexity: 1.723
I0813 20:08:35.621543 139812568857728 peft_trainer.py:488] Train step 24 training loss: 0.294084  - training perplexity: 1.341896
I0813 20:08:35.627688 139812568857728 metric_logger.py:226] completed step: 24, seconds: 0.105, TFLOP/s/device: 29.739, Tokens/s/device: 1220.790, total_weights: 50, loss: 0.294, lm_loss: 0.000, perplexity: 1.705
I0813 20:08:35.713815 139812568857728 peft_trainer.py:802] Running evaluation on train step 25.
/home/student49/me344_final_project/.venv-me344-posttrain/lib/python3.12/site-packages/torch/cuda/__init__.py:65: FutureWarning: The pynvml package is deprecated. Please install nvidia-ml-py instead. If you did not install pynvml directly, please report this to the maintainers of the package that installed pynvml for you.
  import pynvml  # type: ignore[import]
[transformers] DeepseekV32Config got `key=rope_scaling` in kwargs but hasn't set it as attribute. For RoPE standardization you need to set `self.rope_parameters` in model's config. 
[transformers] DeepseekV4Config got `key=rope_scaling` in kwargs but hasn't set it as attribute. For RoPE standardization you need to set `self.rope_parameters` in model's config. 
2026-08-13 20:08:45.438588: I external/local_xla/xla/tsl/cuda/cudart_stub.cc:31] Could not find cuda drivers on your machine, GPU will not be used.
2026-08-13 20:08:45.478370: I tensorflow/core/platform/cpu_feature_guard.cc:210] This TensorFlow binary is optimized to use available CPU instructions in performance-critical operations.
To enable the following instructions: AVX2 FMA, in other operations, rebuild TensorFlow with the appropriate compiler flags.
2026-08-13 20:08:46.668359: I external/local_xla/xla/tsl/cuda/cudart_stub.cc:31] Could not find cuda drivers on your machine, GPU will not be used.
I0813 20:08:50.916898 139812568857728 peft_trainer.py:840] Train step 25 eval loss: 0.458716 - eval perplexity: 1.582042
I0813 20:08:50.918085 139812568857728 metric_logger.py:249] Completed eval after train step 25, loss=0.112, perplexity=1.582, total_weights=156.0, avg_z_loss=0.000
I0813 20:08:50.933875 139812568857728 peft_trainer.py:488] Train step 25 training loss: 0.018692  - training perplexity: 1.018868
I0813 20:08:50.940342 139812568857728 metric_logger.py:226] completed step: 25, seconds: 15.312, TFLOP/s/device: 0.204, Tokens/s/device: 8.359, total_weights: 54, loss: 0.019, lm_loss: 0.000, perplexity: 1.670
I0813 20:08:51.039158 139812568857728 peft_trainer.py:488] Train step 26 training loss: 0.000097  - training perplexity: 1.000097
I0813 20:08:51.045565 139812568857728 metric_logger.py:226] completed step: 26, seconds: 0.105, TFLOP/s/device: 29.606, Tokens/s/device: 1215.346, total_weights: 45, loss: 0.000, lm_loss: 0.000, perplexity: 1.638
I0813 20:08:51.144110 139812568857728 peft_trainer.py:488] Train step 27 training loss: 0.001355  - training perplexity: 1.001356
I0813 20:08:51.150344 139812568857728 metric_logger.py:226] completed step: 27, seconds: 0.105, TFLOP/s/device: 29.724, Tokens/s/device: 1220.206, total_weights: 43, loss: 0.001, lm_loss: 0.000, perplexity: 1.608
I0813 20:08:51.249296 139812568857728 peft_trainer.py:488] Train step 28 training loss: 0.403289  - training perplexity: 1.496740
I0813 20:08:51.255568 139812568857728 metric_logger.py:226] completed step: 28, seconds: 0.105, TFLOP/s/device: 29.654, Tokens/s/device: 1217.307, total_weights: 51, loss: 0.403, lm_loss: 0.000, perplexity: 1.604
I0813 20:08:51.354530 139812568857728 peft_trainer.py:488] Train step 29 training loss: 0.006397  - training perplexity: 1.006417
I0813 20:08:51.360769 139812568857728 metric_logger.py:226] completed step: 29, seconds: 0.105, TFLOP/s/device: 29.612, Tokens/s/device: 1215.604, total_weights: 51, loss: 0.006, lm_loss: 0.000, perplexity: 1.578
I0813 20:08:51.459618 139812568857728 peft_trainer.py:488] Train step 30 training loss: 0.004524  - training perplexity: 1.004534
I0813 20:08:51.465903 139812568857728 metric_logger.py:226] completed step: 30, seconds: 0.105, TFLOP/s/device: 29.666, Tokens/s/device: 1217.801, total_weights: 53, loss: 0.005, lm_loss: 0.000, perplexity: 1.555
I0813 20:08:51.564960 139812568857728 peft_trainer.py:488] Train step 31 training loss: 0.005229  - training perplexity: 1.005243
I0813 20:08:51.571292 139812568857728 metric_logger.py:226] completed step: 31, seconds: 0.105, TFLOP/s/device: 29.604, Tokens/s/device: 1215.246, total_weights: 51, loss: 0.005, lm_loss: 0.000, perplexity: 1.533
I0813 20:08:51.669935 139812568857728 peft_trainer.py:488] Train step 32 training loss: 0.700996  - training perplexity: 2.015760
I0813 20:08:51.676213 139812568857728 metric_logger.py:226] completed step: 32, seconds: 0.105, TFLOP/s/device: 29.713, Tokens/s/device: 1219.731, total_weights: 46, loss: 0.701, lm_loss: 0.000, perplexity: 1.546
I0813 20:08:51.775171 139812568857728 peft_trainer.py:488] Train step 33 training loss: 0.776797  - training perplexity: 2.174496
I0813 20:08:51.781524 139812568857728 metric_logger.py:226] completed step: 33, seconds: 0.105, TFLOP/s/device: 29.619, Tokens/s/device: 1215.897, total_weights: 47, loss: 0.777, lm_loss: 0.000, perplexity: 1.562
I0813 20:08:51.880594 139812568857728 peft_trainer.py:488] Train step 34 training loss: 0.086054  - training perplexity: 1.089865
I0813 20:08:51.887060 139812568857728 metric_logger.py:226] completed step: 34, seconds: 0.105, TFLOP/s/device: 29.577, Tokens/s/device: 1214.144, total_weights: 58, loss: 0.086, lm_loss: 0.000, perplexity: 1.546
I0813 20:08:51.985985 139812568857728 peft_trainer.py:488] Train step 35 training loss: 0.039285  - training perplexity: 1.040067
I0813 20:08:51.992520 139812568857728 metric_logger.py:226] completed step: 35, seconds: 0.105, TFLOP/s/device: 29.591, Tokens/s/device: 1214.739, total_weights: 52, loss: 0.039, lm_loss: 0.000, perplexity: 1.528
I0813 20:08:52.091190 139812568857728 peft_trainer.py:488] Train step 36 training loss: 0.053806  - training perplexity: 1.055280
I0813 20:08:52.097439 139812568857728 metric_logger.py:226] completed step: 36, seconds: 0.105, TFLOP/s/device: 29.649, Tokens/s/device: 1217.118, total_weights: 52, loss: 0.054, lm_loss: 0.000, perplexity: 1.513
I0813 20:08:52.198296 139812568857728 peft_trainer.py:488] Train step 37 training loss: 0.044571  - training perplexity: 1.045580
I0813 20:08:52.204679 139812568857728 metric_logger.py:226] completed step: 37, seconds: 0.107, TFLOP/s/device: 29.100, Tokens/s/device: 1194.582, total_weights: 50, loss: 0.045, lm_loss: 0.000, perplexity: 1.498
I0813 20:08:52.303654 139812568857728 peft_trainer.py:488] Train step 38 training loss: 0.218761  - training perplexity: 1.244534
I0813 20:08:52.310006 139812568857728 metric_logger.py:226] completed step: 38, seconds: 0.105, TFLOP/s/device: 29.601, Tokens/s/device: 1215.145, total_weights: 61, loss: 0.219, lm_loss: 0.000, perplexity: 1.491
I0813 20:08:52.408844 139812568857728 peft_trainer.py:488] Train step 39 training loss: 0.031141  - training perplexity: 1.031631
I0813 20:08:52.415331 139812568857728 metric_logger.py:226] completed step: 39, seconds: 0.105, TFLOP/s/device: 29.630, Tokens/s/device: 1216.318, total_weights: 53, loss: 0.031, lm_loss: 0.000, perplexity: 1.477
I0813 20:08:52.513914 139812568857728 peft_trainer.py:488] Train step 40 training loss: 0.272925  - training perplexity: 1.313802
I0813 20:08:52.520314 139812568857728 metric_logger.py:226] completed step: 40, seconds: 0.105, TFLOP/s/device: 29.681, Tokens/s/device: 1218.419, total_weights: 57, loss: 0.273, lm_loss: 0.000, perplexity: 1.472
I0813 20:08:52.619043 139812568857728 peft_trainer.py:488] Train step 41 training loss: 0.319550  - training perplexity: 1.376508
I0813 20:08:52.625372 139812568857728 metric_logger.py:226] completed step: 41, seconds: 0.105, TFLOP/s/device: 29.649, Tokens/s/device: 1217.093, total_weights: 53, loss: 0.320, lm_loss: 0.000, perplexity: 1.470
I0813 20:08:52.724267 139812568857728 peft_trainer.py:488] Train step 42 training loss: 0.483688  - training perplexity: 1.622046
I0813 20:08:52.730660 139812568857728 metric_logger.py:226] completed step: 42, seconds: 0.105, TFLOP/s/device: 29.647, Tokens/s/device: 1217.012, total_weights: 55, loss: 0.484, lm_loss: 0.000, perplexity: 1.473
I0813 20:08:52.829621 139812568857728 peft_trainer.py:488] Train step 43 training loss: 0.011103  - training perplexity: 1.011164
I0813 20:08:52.836056 139812568857728 metric_logger.py:226] completed step: 43, seconds: 0.105, TFLOP/s/device: 29.584, Tokens/s/device: 1214.434, total_weights: 47, loss: 0.011, lm_loss: 0.000, perplexity: 1.460
I0813 20:08:52.934691 139812568857728 peft_trainer.py:488] Train step 44 training loss: 0.246979  - training perplexity: 1.280151
I0813 20:08:52.941018 139812568857728 metric_logger.py:226] completed step: 44, seconds: 0.105, TFLOP/s/device: 29.686, Tokens/s/device: 1218.614, total_weights: 54, loss: 0.247, lm_loss: 0.000, perplexity: 1.456
I0813 20:08:53.040125 139812568857728 peft_trainer.py:488] Train step 45 training loss: 0.296650  - training perplexity: 1.345344
I0813 20:08:53.046689 139812568857728 metric_logger.py:226] completed step: 45, seconds: 0.105, TFLOP/s/device: 29.565, Tokens/s/device: 1213.673, total_weights: 56, loss: 0.297, lm_loss: 0.000, perplexity: 1.453
I0813 20:08:53.145275 139812568857728 peft_trainer.py:488] Train step 46 training loss: 0.426715  - training perplexity: 1.532215
I0813 20:08:53.151658 139812568857728 metric_logger.py:226] completed step: 46, seconds: 0.105, TFLOP/s/device: 29.660, Tokens/s/device: 1217.552, total_weights: 58, loss: 0.427, lm_loss: 0.000, perplexity: 1.455
I0813 20:08:53.250477 139812568857728 peft_trainer.py:488] Train step 47 training loss: 0.437187  - training perplexity: 1.548346
I0813 20:08:53.256904 139812568857728 metric_logger.py:226] completed step: 47, seconds: 0.105, TFLOP/s/device: 29.636, Tokens/s/device: 1216.595, total_weights: 52, loss: 0.437, lm_loss: 0.000, perplexity: 1.457
I0813 20:08:53.355778 139812568857728 peft_trainer.py:488] Train step 48 training loss: 0.016577  - training perplexity: 1.016715
I0813 20:08:53.362138 139812568857728 metric_logger.py:226] completed step: 48, seconds: 0.105, TFLOP/s/device: 29.611, Tokens/s/device: 1215.532, total_weights: 57, loss: 0.017, lm_loss: 0.000, perplexity: 1.446
I0813 20:08:53.460809 139812568857728 peft_trainer.py:488] Train step 49 training loss: 0.032245  - training perplexity: 1.032770
I0813 20:08:53.467097 139812568857728 metric_logger.py:226] completed step: 49, seconds: 0.105, TFLOP/s/device: 29.689, Tokens/s/device: 1218.763, total_weights: 51, loss: 0.032, lm_loss: 0.000, perplexity: 1.436
I0813 20:08:53.552881 139812568857728 peft_trainer.py:802] Running evaluation on train step 50.
/home/student49/me344_final_project/.venv-me344-posttrain/lib/python3.12/site-packages/torch/cuda/__init__.py:65: FutureWarning: The pynvml package is deprecated. Please install nvidia-ml-py instead. If you did not install pynvml directly, please report this to the maintainers of the package that installed pynvml for you.
  import pynvml  # type: ignore[import]
[transformers] DeepseekV32Config got `key=rope_scaling` in kwargs but hasn't set it as attribute. For RoPE standardization you need to set `self.rope_parameters` in model's config. 
[transformers] DeepseekV4Config got `key=rope_scaling` in kwargs but hasn't set it as attribute. For RoPE standardization you need to set `self.rope_parameters` in model's config. 
2026-08-13 20:09:03.277348: I external/local_xla/xla/tsl/cuda/cudart_stub.cc:31] Could not find cuda drivers on your machine, GPU will not be used.
2026-08-13 20:09:03.317354: I tensorflow/core/platform/cpu_feature_guard.cc:210] This TensorFlow binary is optimized to use available CPU instructions in performance-critical operations.
To enable the following instructions: AVX2 FMA, in other operations, rebuild TensorFlow with the appropriate compiler flags.
2026-08-13 20:09:04.495544: I external/local_xla/xla/tsl/cuda/cudart_stub.cc:31] Could not find cuda drivers on your machine, GPU will not be used.
I0813 20:09:08.847908 139812568857728 peft_trainer.py:840] Train step 50 eval loss: 0.320352 - eval perplexity: 1.377612
I0813 20:09:08.849071 139812568857728 metric_logger.py:249] Completed eval after train step 50, loss=0.044, perplexity=1.378, total_weights=156.0, avg_z_loss=0.000
I0813 20:09:08.865057 139812568857728 peft_trainer.py:488] Train step 50 training loss: 0.005556  - training perplexity: 1.005572
I0813 20:09:08.871637 139812568857728 metric_logger.py:226] completed step: 50, seconds: 15.404, TFLOP/s/device: 0.202, Tokens/s/device: 8.309, total_weights: 50, loss: 0.006, lm_loss: 0.000, perplexity: 1.426
I0813 20:09:08.970046 139812568857728 peft_trainer.py:488] Train step 51 training loss: 0.005059  - training perplexity: 1.005072
I0813 20:09:08.976372 139812568857728 metric_logger.py:226] completed step: 51, seconds: 0.105, TFLOP/s/device: 29.711, Tokens/s/device: 1219.637, total_weights: 55, loss: 0.005, lm_loss: 0.000, perplexity: 1.416
I0813 20:09:09.075212 139812568857728 peft_trainer.py:488] Train step 52 training loss: 0.006569  - training perplexity: 1.006590
I0813 20:09:09.081637 139812568857728 metric_logger.py:226] completed step: 52, seconds: 0.105, TFLOP/s/device: 29.639, Tokens/s/device: 1216.706, total_weights: 67, loss: 0.007, lm_loss: 0.000, perplexity: 1.407
I0813 20:09:09.180592 139812568857728 peft_trainer.py:488] Train step 53 training loss: 0.122633  - training perplexity: 1.130470
I0813 20:09:09.186974 139812568857728 metric_logger.py:226] completed step: 53, seconds: 0.105, TFLOP/s/device: 29.593, Tokens/s/device: 1214.811, total_weights: 57, loss: 0.123, lm_loss: 0.000, perplexity: 1.401
I0813 20:09:09.285625 139812568857728 peft_trainer.py:488] Train step 54 training loss: 0.069746  - training perplexity: 1.072236
I0813 20:09:09.292092 139812568857728 metric_logger.py:226] completed step: 54, seconds: 0.105, TFLOP/s/device: 29.693, Tokens/s/device: 1218.913, total_weights: 54, loss: 0.070, lm_loss: 0.000, perplexity: 1.394
I0813 20:09:09.390881 139812568857728 peft_trainer.py:488] Train step 55 training loss: 0.377329  - training perplexity: 1.458384
I0813 20:09:09.397249 139812568857728 metric_logger.py:226] completed step: 55, seconds: 0.105, TFLOP/s/device: 29.618, Tokens/s/device: 1215.827, total_weights: 51, loss: 0.377, lm_loss: 0.000, perplexity: 1.395
I0813 20:09:09.496087 139812568857728 peft_trainer.py:488] Train step 56 training loss: 0.000545  - training perplexity: 1.000545
I0813 20:09:09.502432 139812568857728 metric_logger.py:226] completed step: 56, seconds: 0.105, TFLOP/s/device: 29.643, Tokens/s/device: 1216.869, total_weights: 43, loss: 0.001, lm_loss: 0.000, perplexity: 1.387
I0813 20:09:09.601166 139812568857728 peft_trainer.py:488] Train step 57 training loss: 0.020195  - training perplexity: 1.020400
I0813 20:09:09.607554 139812568857728 metric_logger.py:226] completed step: 57, seconds: 0.105, TFLOP/s/device: 29.675, Tokens/s/device: 1218.174, total_weights: 55, loss: 0.020, lm_loss: 0.000, perplexity: 1.380
I0813 20:09:09.706345 139812568857728 peft_trainer.py:488] Train step 58 training loss: 0.011483  - training perplexity: 1.011549
I0813 20:09:09.712685 139812568857728 metric_logger.py:226] completed step: 58, seconds: 0.105, TFLOP/s/device: 29.640, Tokens/s/device: 1216.724, total_weights: 49, loss: 0.011, lm_loss: 0.000, perplexity: 1.372
I0813 20:09:09.811820 139812568857728 peft_trainer.py:488] Train step 59 training loss: 0.288868  - training perplexity: 1.334915
I0813 20:09:09.818319 139812568857728 metric_logger.py:226] completed step: 59, seconds: 0.105, TFLOP/s/device: 29.563, Tokens/s/device: 1213.577, total_weights: 55, loss: 0.289, lm_loss: 0.000, perplexity: 1.372
I0813 20:09:09.917058 139812568857728 peft_trainer.py:488] Train step 60 training loss: 0.546734  - training perplexity: 1.727601
I0813 20:09:09.923479 139812568857728 metric_logger.py:226] completed step: 60, seconds: 0.105, TFLOP/s/device: 29.627, Tokens/s/device: 1216.219, total_weights: 51, loss: 0.547, lm_loss: 0.000, perplexity: 1.377
I0813 20:09:10.022339 139812568857728 peft_trainer.py:488] Train step 61 training loss: 0.216452  - training perplexity: 1.241663
I0813 20:09:10.028833 139812568857728 metric_logger.py:226] completed step: 61, seconds: 0.105, TFLOP/s/device: 29.614, Tokens/s/device: 1215.667, total_weights: 64, loss: 0.216, lm_loss: 0.000, perplexity: 1.375
I0813 20:09:10.127394 139812568857728 peft_trainer.py:488] Train step 62 training loss: 0.402003  - training perplexity: 1.494816
I0813 20:09:10.133853 139812568857728 metric_logger.py:226] completed step: 62, seconds: 0.105, TFLOP/s/device: 29.679, Tokens/s/device: 1218.352, total_weights: 53, loss: 0.402, lm_loss: 0.000, perplexity: 1.377
I0813 20:09:10.232531 139812568857728 peft_trainer.py:488] Train step 63 training loss: 0.494635  - training perplexity: 1.639899
I0813 20:09:10.238983 139812568857728 metric_logger.py:226] completed step: 63, seconds: 0.105, TFLOP/s/device: 29.653, Tokens/s/device: 1217.296, total_weights: 60, loss: 0.495, lm_loss: 0.000, perplexity: 1.380
I0813 20:09:10.337665 139812568857728 peft_trainer.py:488] Train step 64 training loss: 0.161450  - training perplexity: 1.175213
I0813 20:09:10.344094 139812568857728 metric_logger.py:226] completed step: 64, seconds: 0.105, TFLOP/s/device: 29.668, Tokens/s/device: 1217.903, total_weights: 49, loss: 0.161, lm_loss: 0.000, perplexity: 1.377
I0813 20:09:10.442520 139812568857728 peft_trainer.py:488] Train step 65 training loss: 0.000329  - training perplexity: 1.000329
I0813 20:09:10.448987 139812568857728 metric_logger.py:226] completed step: 65, seconds: 0.105, TFLOP/s/device: 29.733, Tokens/s/device: 1220.579, total_weights: 58, loss: 0.000, lm_loss: 0.000, perplexity: 1.370
I0813 20:09:10.547633 139812568857728 peft_trainer.py:488] Train step 66 training loss: 0.069690  - training perplexity: 1.072176
I0813 20:09:10.554082 139812568857728 metric_logger.py:226] completed step: 66, seconds: 0.105, TFLOP/s/device: 29.656, Tokens/s/device: 1217.383, total_weights: 54, loss: 0.070, lm_loss: 0.000, perplexity: 1.365
I0813 20:09:10.652737 139812568857728 peft_trainer.py:488] Train step 67 training loss: 0.006984  - training perplexity: 1.007008
I0813 20:09:10.659357 139812568857728 metric_logger.py:226] completed step: 67, seconds: 0.105, TFLOP/s/device: 29.658, Tokens/s/device: 1217.492, total_weights: 59, loss: 0.007, lm_loss: 0.000, perplexity: 1.359
I0813 20:09:10.758304 139812568857728 peft_trainer.py:488] Train step 68 training loss: 0.087087  - training perplexity: 1.090992
I0813 20:09:10.764861 139812568857728 metric_logger.py:226] completed step: 68, seconds: 0.106, TFLOP/s/device: 29.549, Tokens/s/device: 1213.016, total_weights: 49, loss: 0.087, lm_loss: 0.000, perplexity: 1.355
I0813 20:09:10.863455 139812568857728 peft_trainer.py:488] Train step 69 training loss: 0.189230  - training perplexity: 1.208319
I0813 20:09:10.869959 139812568857728 metric_logger.py:226] completed step: 69, seconds: 0.105, TFLOP/s/device: 29.640, Tokens/s/device: 1216.751, total_weights: 50, loss: 0.189, lm_loss: 0.000, perplexity: 1.352
I0813 20:09:10.968528 139812568857728 peft_trainer.py:488] Train step 70 training loss: 0.197215  - training perplexity: 1.218006
I0813 20:09:10.974976 139812568857728 metric_logger.py:226] completed step: 70, seconds: 0.105, TFLOP/s/device: 29.687, Tokens/s/device: 1218.663, total_weights: 46, loss: 0.197, lm_loss: 0.000, perplexity: 1.350
I0813 20:09:11.074065 139812568857728 peft_trainer.py:488] Train step 71 training loss: 0.148446  - training perplexity: 1.160030
I0813 20:09:11.080592 139812568857728 metric_logger.py:226] completed step: 71, seconds: 0.106, TFLOP/s/device: 29.550, Tokens/s/device: 1213.046, total_weights: 56, loss: 0.148, lm_loss: 0.000, perplexity: 1.347
I0813 20:09:11.179201 139812568857728 peft_trainer.py:488] Train step 72 training loss: 0.040648  - training perplexity: 1.041486
I0813 20:09:11.185750 139812568857728 metric_logger.py:226] completed step: 72, seconds: 0.105, TFLOP/s/device: 29.644, Tokens/s/device: 1216.887, total_weights: 49, loss: 0.041, lm_loss: 0.000, perplexity: 1.343
I0813 20:09:11.284352 139812568857728 peft_trainer.py:488] Train step 73 training loss: 0.032935  - training perplexity: 1.033484
I0813 20:09:11.290820 139812568857728 metric_logger.py:226] completed step: 73, seconds: 0.105, TFLOP/s/device: 29.663, Tokens/s/device: 1217.676, total_weights: 47, loss: 0.033, lm_loss: 0.000, perplexity: 1.338
I0813 20:09:11.389384 139812568857728 peft_trainer.py:488] Train step 74 training loss: 0.000234  - training perplexity: 1.000234
I0813 20:09:11.395996 139812568857728 metric_logger.py:226] completed step: 74, seconds: 0.105, TFLOP/s/device: 29.688, Tokens/s/device: 1218.728, total_weights: 53, loss: 0.000, lm_loss: 0.000, perplexity: 1.333
I0813 20:09:11.481436 139812568857728 peft_trainer.py:802] Running evaluation on train step 75.
/home/student49/me344_final_project/.venv-me344-posttrain/lib/python3.12/site-packages/torch/cuda/__init__.py:65: FutureWarning: The pynvml package is deprecated. Please install nvidia-ml-py instead. If you did not install pynvml directly, please report this to the maintainers of the package that installed pynvml for you.
  import pynvml  # type: ignore[import]
[transformers] DeepseekV32Config got `key=rope_scaling` in kwargs but hasn't set it as attribute. For RoPE standardization you need to set `self.rope_parameters` in model's config. 
[transformers] DeepseekV4Config got `key=rope_scaling` in kwargs but hasn't set it as attribute. For RoPE standardization you need to set `self.rope_parameters` in model's config. 
2026-08-13 20:09:21.474686: I external/local_xla/xla/tsl/cuda/cudart_stub.cc:31] Could not find cuda drivers on your machine, GPU will not be used.
2026-08-13 20:09:21.514552: I tensorflow/core/platform/cpu_feature_guard.cc:210] This TensorFlow binary is optimized to use available CPU instructions in performance-critical operations.
To enable the following instructions: AVX2 FMA, in other operations, rebuild TensorFlow with the appropriate compiler flags.
2026-08-13 20:09:22.709126: I external/local_xla/xla/tsl/cuda/cudart_stub.cc:31] Could not find cuda drivers on your machine, GPU will not be used.
I0813 20:09:26.987489 139812568857728 peft_trainer.py:840] Train step 75 eval loss: 0.259639 - eval perplexity: 1.296462
I0813 20:09:26.988586 139812568857728 metric_logger.py:249] Completed eval after train step 75, loss=0.078, perplexity=1.296, total_weights=156.0, avg_z_loss=0.000
I0813 20:09:27.004327 139812568857728 peft_trainer.py:488] Train step 75 training loss: 0.035678  - training perplexity: 1.036322
I0813 20:09:27.010957 139812568857728 metric_logger.py:226] completed step: 75, seconds: 15.615, TFLOP/s/device: 0.200, Tokens/s/device: 8.197, total_weights: 40, loss: 0.036, lm_loss: 0.000, perplexity: 1.328
I0813 20:09:27.109446 139812568857728 peft_trainer.py:488] Train step 76 training loss: 0.107499  - training perplexity: 1.113489
I0813 20:09:27.115841 139812568857728 metric_logger.py:226] completed step: 76, seconds: 0.105, TFLOP/s/device: 29.661, Tokens/s/device: 1217.589, total_weights: 57, loss: 0.107, lm_loss: 0.000, perplexity: 1.325
I0813 20:09:27.214571 139812568857728 peft_trainer.py:488] Train step 77 training loss: 0.146815  - training perplexity: 1.158139
I0813 20:09:27.221009 139812568857728 metric_logger.py:226] completed step: 77, seconds: 0.105, TFLOP/s/device: 29.662, Tokens/s/device: 1217.630, total_weights: 54, loss: 0.147, lm_loss: 0.000, perplexity: 1.323
I0813 20:09:27.319581 139812568857728 peft_trainer.py:488] Train step 78 training loss: 0.009907  - training perplexity: 1.009956
I0813 20:09:27.326095 139812568857728 metric_logger.py:226] completed step: 78, seconds: 0.105, TFLOP/s/device: 29.688, Tokens/s/device: 1218.693, total_weights: 55, loss: 0.010, lm_loss: 0.000, perplexity: 1.318
I0813 20:09:27.424443 139812568857728 peft_trainer.py:488] Train step 79 training loss: 0.004949  - training perplexity: 1.004961
I0813 20:09:27.430888 139812568857728 metric_logger.py:226] completed step: 79, seconds: 0.105, TFLOP/s/device: 29.750, Tokens/s/device: 1221.245, total_weights: 46, loss: 0.005, lm_loss: 0.000, perplexity: 1.314
I0813 20:09:27.529582 139812568857728 peft_trainer.py:488] Train step 80 training loss: 0.000470  - training perplexity: 1.000470
I0813 20:09:27.536103 139812568857728 metric_logger.py:226] completed step: 80, seconds: 0.105, TFLOP/s/device: 29.648, Tokens/s/device: 1217.054, total_weights: 44, loss: 0.000, lm_loss: 0.000, perplexity: 1.309
I0813 20:09:27.634537 139812568857728 peft_trainer.py:488] Train step 81 training loss: 0.012489  - training perplexity: 1.012567
I0813 20:09:27.641081 139812568857728 metric_logger.py:226] completed step: 81, seconds: 0.105, TFLOP/s/device: 29.713, Tokens/s/device: 1219.720, total_weights: 59, loss: 0.012, lm_loss: 0.000, perplexity: 1.305
I0813 20:09:27.739652 139812568857728 peft_trainer.py:488] Train step 82 training loss: 0.000943  - training perplexity: 1.000944
I0813 20:09:27.746211 139812568857728 metric_logger.py:226] completed step: 82, seconds: 0.105, TFLOP/s/device: 29.649, Tokens/s/device: 1217.113, total_weights: 58, loss: 0.001, lm_loss: 0.000, perplexity: 1.301
I0813 20:09:27.844751 139812568857728 peft_trainer.py:488] Train step 83 training loss: 0.043946  - training perplexity: 1.044926
I0813 20:09:27.851186 139812568857728 metric_logger.py:226] completed step: 83, seconds: 0.105, TFLOP/s/device: 29.683, Tokens/s/device: 1218.488, total_weights: 62, loss: 0.044, lm_loss: 0.000, perplexity: 1.297
I0813 20:09:27.949801 139812568857728 peft_trainer.py:488] Train step 84 training loss: 0.364295  - training perplexity: 1.439499
I0813 20:09:27.956330 139812568857728 metric_logger.py:226] completed step: 84, seconds: 0.105, TFLOP/s/device: 29.677, Tokens/s/device: 1218.244, total_weights: 53, loss: 0.364, lm_loss: 0.000, perplexity: 1.299
I0813 20:09:28.054845 139812568857728 peft_trainer.py:488] Train step 85 training loss: 0.000557  - training perplexity: 1.000557
I0813 20:09:28.061519 139812568857728 metric_logger.py:226] completed step: 85, seconds: 0.105, TFLOP/s/device: 29.684, Tokens/s/device: 1218.548, total_weights: 51, loss: 0.001, lm_loss: 0.000, perplexity: 1.295
I0813 20:09:28.159919 139812568857728 peft_trainer.py:488] Train step 86 training loss: 0.000651  - training perplexity: 1.000651
I0813 20:09:28.166487 139812568857728 metric_logger.py:226] completed step: 86, seconds: 0.105, TFLOP/s/device: 29.658, Tokens/s/device: 1217.487, total_weights: 44, loss: 0.001, lm_loss: 0.000, perplexity: 1.291
I0813 20:09:28.265063 139812568857728 peft_trainer.py:488] Train step 87 training loss: 0.000222  - training perplexity: 1.000222
I0813 20:09:28.271601 139812568857728 metric_logger.py:226] completed step: 87, seconds: 0.105, TFLOP/s/device: 29.674, Tokens/s/device: 1218.130, total_weights: 56, loss: 0.000, lm_loss: 0.000, perplexity: 1.287
I0813 20:09:28.370223 139812568857728 peft_trainer.py:488] Train step 88 training loss: 0.058222  - training perplexity: 1.059950
I0813 20:09:28.376846 139812568857728 metric_logger.py:226] completed step: 88, seconds: 0.105, TFLOP/s/device: 29.652, Tokens/s/device: 1217.220, total_weights: 64, loss: 0.058, lm_loss: 0.000, perplexity: 1.284
I0813 20:09:28.475269 139812568857728 peft_trainer.py:488] Train step 89 training loss: 0.000230  - training perplexity: 1.000230
I0813 20:09:28.481793 139812568857728 metric_logger.py:226] completed step: 89, seconds: 0.105, TFLOP/s/device: 29.677, Tokens/s/device: 1218.270, total_weights: 47, loss: 0.000, lm_loss: 0.000, perplexity: 1.281
I0813 20:09:28.580307 139812568857728 peft_trainer.py:488] Train step 90 training loss: 0.000251  - training perplexity: 1.000252
I0813 20:09:28.586802 139812568857728 metric_logger.py:226] completed step: 90, seconds: 0.105, TFLOP/s/device: 29.694, Tokens/s/device: 1218.972, total_weights: 55, loss: 0.000, lm_loss: 0.000, perplexity: 1.277
I0813 20:09:28.685431 139812568857728 peft_trainer.py:488] Train step 91 training loss: 0.000187  - training perplexity: 1.000187
I0813 20:09:28.692021 139812568857728 metric_logger.py:226] completed step: 91, seconds: 0.105, TFLOP/s/device: 29.655, Tokens/s/device: 1217.369, total_weights: 51, loss: 0.000, lm_loss: 0.000, perplexity: 1.274
I0813 20:09:28.790707 139812568857728 peft_trainer.py:488] Train step 92 training loss: 0.006726  - training perplexity: 1.006749
I0813 20:09:28.797264 139812568857728 metric_logger.py:226] completed step: 92, seconds: 0.105, TFLOP/s/device: 29.620, Tokens/s/device: 1215.918, total_weights: 58, loss: 0.007, lm_loss: 0.000, perplexity: 1.271
I0813 20:09:28.895804 139812568857728 peft_trainer.py:488] Train step 93 training loss: 0.117534  - training perplexity: 1.124720
I0813 20:09:28.902351 139812568857728 metric_logger.py:226] completed step: 93, seconds: 0.105, TFLOP/s/device: 29.670, Tokens/s/device: 1217.966, total_weights: 48, loss: 0.118, lm_loss: 0.000, perplexity: 1.269
I0813 20:09:29.000964 139812568857728 peft_trainer.py:488] Train step 94 training loss: 0.000602  - training perplexity: 1.000602
I0813 20:09:29.007438 139812568857728 metric_logger.py:226] completed step: 94, seconds: 0.105, TFLOP/s/device: 29.644, Tokens/s/device: 1216.912, total_weights: 52, loss: 0.001, lm_loss: 0.000, perplexity: 1.266
I0813 20:09:29.106255 139812568857728 peft_trainer.py:488] Train step 95 training loss: 0.393916  - training perplexity: 1.482776
I0813 20:09:29.112762 139812568857728 metric_logger.py:226] completed step: 95, seconds: 0.105, TFLOP/s/device: 29.616, Tokens/s/device: 1215.756, total_weights: 57, loss: 0.394, lm_loss: 0.000, perplexity: 1.268
I0813 20:09:29.211287 139812568857728 peft_trainer.py:488] Train step 96 training loss: 0.407911  - training perplexity: 1.503673
I0813 20:09:29.217666 139812568857728 metric_logger.py:226] completed step: 96, seconds: 0.105, TFLOP/s/device: 29.707, Tokens/s/device: 1219.512, total_weights: 53, loss: 0.408, lm_loss: 0.000, perplexity: 1.270
I0813 20:09:29.316583 139812568857728 peft_trainer.py:488] Train step 97 training loss: 0.516219  - training perplexity: 1.675679
I0813 20:09:29.323117 139812568857728 metric_logger.py:226] completed step: 97, seconds: 0.105, TFLOP/s/device: 29.599, Tokens/s/device: 1215.052, total_weights: 49, loss: 0.516, lm_loss: 0.000, perplexity: 1.274
I0813 20:09:29.421647 139812568857728 peft_trainer.py:488] Train step 98 training loss: 0.000062  - training perplexity: 1.000062
I0813 20:09:29.428309 139812568857728 metric_logger.py:226] completed step: 98, seconds: 0.105, TFLOP/s/device: 29.654, Tokens/s/device: 1217.310, total_weights: 58, loss: 0.000, lm_loss: 0.000, perplexity: 1.271
I0813 20:09:29.526722 139812568857728 peft_trainer.py:488] Train step 99 training loss: 0.000867  - training perplexity: 1.000867
I0813 20:09:29.533386 139812568857728 metric_logger.py:226] completed step: 99, seconds: 0.105, TFLOP/s/device: 29.690, Tokens/s/device: 1218.794, total_weights: 48, loss: 0.001, lm_loss: 0.000, perplexity: 1.268
I0813 20:09:29.618861 139812568857728 peft_trainer.py:802] Running evaluation on train step 100.
/home/student49/me344_final_project/.venv-me344-posttrain/lib/python3.12/site-packages/torch/cuda/__init__.py:65: FutureWarning: The pynvml package is deprecated. Please install nvidia-ml-py instead. If you did not install pynvml directly, please report this to the maintainers of the package that installed pynvml for you.
  import pynvml  # type: ignore[import]
[transformers] DeepseekV32Config got `key=rope_scaling` in kwargs but hasn't set it as attribute. For RoPE standardization you need to set `self.rope_parameters` in model's config. 
[transformers] DeepseekV4Config got `key=rope_scaling` in kwargs but hasn't set it as attribute. For RoPE standardization you need to set `self.rope_parameters` in model's config. 
2026-08-13 20:09:39.423110: I external/local_xla/xla/tsl/cuda/cudart_stub.cc:31] Could not find cuda drivers on your machine, GPU will not be used.
2026-08-13 20:09:39.462908: I tensorflow/core/platform/cpu_feature_guard.cc:210] This TensorFlow binary is optimized to use available CPU instructions in performance-critical operations.
To enable the following instructions: AVX2 FMA, in other operations, rebuild TensorFlow with the appropriate compiler flags.
2026-08-13 20:09:40.652249: I external/local_xla/xla/tsl/cuda/cudart_stub.cc:31] Could not find cuda drivers on your machine, GPU will not be used.
I0813 20:09:45.125230 139812568857728 peft_trainer.py:840] Train step 100 eval loss: 0.229811 - eval perplexity: 1.258363
I0813 20:09:45.126370 139812568857728 metric_logger.py:249] Completed eval after train step 100, loss=0.111, perplexity=1.258, total_weights=156.0, avg_z_loss=0.000
I0813 20:09:45.283923 139812568857728 peft_trainer.py:488] Train step 100 training loss: 0.229717  - training perplexity: 1.258244
I0813 20:09:45.354894 139812568857728 metric_logger.py:226] completed step: 100, seconds: 15.821, TFLOP/s/device: 0.197, Tokens/s/device: 8.090, total_weights: 57, loss: 0.230, lm_loss: 0.000, perplexity: 1.267
I0813 20:09:45.355814 139812568857728 metric_logger.py:333] To see full metrics 'tensorboard --logdir=gs://me344-tpu-labs-west4/final_projects/qanh/runs/me344-qanh-20260813t194806z-sft/tensorboard/'
I0813 20:09:45.438411 139812568857728 peft_trainer.py:488] Train step 101 training loss: 0.015853  - training perplexity: 1.015979
I0813 20:09:45.444997 139812568857728 metric_logger.py:226] completed step: 101, seconds: 0.091, TFLOP/s/device: 34.428, Tokens/s/device: 1413.307, total_weights: 52, loss: 0.016, lm_loss: 0.000, perplexity: 1.265
I0813 20:09:45.543574 139812568857728 peft_trainer.py:488] Train step 102 training loss: 0.345182  - training perplexity: 1.412247
I0813 20:09:45.550297 139812568857728 metric_logger.py:226] completed step: 102, seconds: 0.105, TFLOP/s/device: 29.639, Tokens/s/device: 1216.703, total_weights: 51, loss: 0.345, lm_loss: 0.000, perplexity: 1.266
I0813 20:09:45.648601 139812568857728 peft_trainer.py:488] Train step 103 training loss: 0.000098  - training perplexity: 1.000098
I0813 20:09:45.655285 139812568857728 metric_logger.py:226] completed step: 103, seconds: 0.105, TFLOP/s/device: 29.702, Tokens/s/device: 1219.287, total_weights: 55, loss: 0.000, lm_loss: 0.000, perplexity: 1.263
I0813 20:09:45.753760 139812568857728 peft_trainer.py:488] Train step 104 training loss: 0.000384  - training perplexity: 1.000384
I0813 20:09:45.760489 139812568857728 metric_logger.py:226] completed step: 104, seconds: 0.105, TFLOP/s/device: 29.646, Tokens/s/device: 1216.979, total_weights: 46, loss: 0.000, lm_loss: 0.000, perplexity: 1.260
I0813 20:09:45.859068 139812568857728 peft_trainer.py:488] Train step 105 training loss: 0.000012  - training perplexity: 1.000012
I0813 20:09:45.865821 139812568857728 metric_logger.py:226] completed step: 105, seconds: 0.105, TFLOP/s/device: 29.596, Tokens/s/device: 1214.918, total_weights: 55, loss: 0.000, lm_loss: 0.000, perplexity: 1.258
I0813 20:09:45.964010 139812568857728 peft_trainer.py:488] Train step 106 training loss: 0.163110  - training perplexity: 1.177166
I0813 20:09:45.970710 139812568857728 metric_logger.py:226] completed step: 106, seconds: 0.105, TFLOP/s/device: 29.725, Tokens/s/device: 1220.226, total_weights: 60, loss: 0.163, lm_loss: 0.000, perplexity: 1.257
I0813 20:09:46.069312 139812568857728 peft_trainer.py:488] Train step 107 training loss: 0.402809  - training perplexity: 1.496021
I0813 20:09:46.075971 139812568857728 metric_logger.py:226] completed step: 107, seconds: 0.105, TFLOP/s/device: 29.616, Tokens/s/device: 1215.764, total_weights: 52, loss: 0.403, lm_loss: 0.000, perplexity: 1.259
I0813 20:09:46.174560 139812568857728 peft_trainer.py:488] Train step 108 training loss: 0.091018  - training perplexity: 1.095289
I0813 20:09:46.181217 139812568857728 metric_logger.py:226] completed step: 108, seconds: 0.105, TFLOP/s/device: 29.618, Tokens/s/device: 1215.850, total_weights: 52, loss: 0.091, lm_loss: 0.000, perplexity: 1.257
I0813 20:09:46.279856 139812568857728 peft_trainer.py:488] Train step 109 training loss: 0.000600  - training perplexity: 1.000601
I0813 20:09:46.286787 139812568857728 metric_logger.py:226] completed step: 109, seconds: 0.105, TFLOP/s/device: 29.602, Tokens/s/device: 1215.178, total_weights: 57, loss: 0.001, lm_loss: 0.000, perplexity: 1.255
I0813 20:09:46.385069 139812568857728 peft_trainer.py:488] Train step 110 training loss: 0.000075  - training perplexity: 1.000075
I0813 20:09:46.391788 139812568857728 metric_logger.py:226] completed step: 110, seconds: 0.105, TFLOP/s/device: 29.647, Tokens/s/device: 1217.018, total_weights: 54, loss: 0.000, lm_loss: 0.000, perplexity: 1.252
I0813 20:09:46.490197 139812568857728 peft_trainer.py:488] Train step 111 training loss: 0.000006  - training perplexity: 1.000006
I0813 20:09:46.496996 139812568857728 metric_logger.py:226] completed step: 111, seconds: 0.105, TFLOP/s/device: 29.659, Tokens/s/device: 1217.502, total_weights: 56, loss: 0.000, lm_loss: 0.000, perplexity: 1.249
I0813 20:09:46.595376 139812568857728 peft_trainer.py:488] Train step 112 training loss: 0.009422  - training perplexity: 1.009467
I0813 20:09:46.602016 139812568857728 metric_logger.py:226] completed step: 112, seconds: 0.105, TFLOP/s/device: 29.637, Tokens/s/device: 1216.638, total_weights: 48, loss: 0.009, lm_loss: 0.000, perplexity: 1.247
I0813 20:09:46.700716 139812568857728 peft_trainer.py:488] Train step 113 training loss: 0.000050  - training perplexity: 1.000050
I0813 20:09:46.707444 139812568857728 metric_logger.py:226] completed step: 113, seconds: 0.105, TFLOP/s/device: 29.611, Tokens/s/device: 1215.551, total_weights: 51, loss: 0.000, lm_loss: 0.000, perplexity: 1.245
I0813 20:09:46.806027 139812568857728 peft_trainer.py:488] Train step 114 training loss: 0.000755  - training perplexity: 1.000756
I0813 20:09:46.812765 139812568857728 metric_logger.py:226] completed step: 114, seconds: 0.105, TFLOP/s/device: 29.603, Tokens/s/device: 1215.221, total_weights: 56, loss: 0.001, lm_loss: 0.000, perplexity: 1.242
I0813 20:09:46.910960 139812568857728 peft_trainer.py:488] Train step 115 training loss: 0.355455  - training perplexity: 1.426830
I0813 20:09:46.917571 139812568857728 metric_logger.py:226] completed step: 115, seconds: 0.105, TFLOP/s/device: 29.711, Tokens/s/device: 1219.668, total_weights: 53, loss: 0.355, lm_loss: 0.000, perplexity: 1.244
I0813 20:09:47.016093 139812568857728 peft_trainer.py:488] Train step 116 training loss: 0.000118  - training perplexity: 1.000118
I0813 20:09:47.022749 139812568857728 metric_logger.py:226] completed step: 116, seconds: 0.105, TFLOP/s/device: 29.663, Tokens/s/device: 1217.697, total_weights: 46, loss: 0.000, lm_loss: 0.000, perplexity: 1.241
I0813 20:09:47.121180 139812568857728 peft_trainer.py:488] Train step 117 training loss: 0.002092  - training perplexity: 1.002095
I0813 20:09:47.127790 139812568857728 metric_logger.py:226] completed step: 117, seconds: 0.105, TFLOP/s/device: 29.671, Tokens/s/device: 1218.033, total_weights: 50, loss: 0.002, lm_loss: 0.000, perplexity: 1.239
I0813 20:09:47.226263 139812568857728 peft_trainer.py:488] Train step 118 training loss: 0.001089  - training perplexity: 1.001090
I0813 20:09:47.233001 139812568857728 metric_logger.py:226] completed step: 118, seconds: 0.105, TFLOP/s/device: 29.672, Tokens/s/device: 1218.050, total_weights: 52, loss: 0.001, lm_loss: 0.000, perplexity: 1.237
I0813 20:09:47.331340 139812568857728 peft_trainer.py:488] Train step 119 training loss: 0.021835  - training perplexity: 1.022075
I0813 20:09:47.338138 139812568857728 metric_logger.py:226] completed step: 119, seconds: 0.105, TFLOP/s/device: 29.669, Tokens/s/device: 1217.943, total_weights: 55, loss: 0.022, lm_loss: 0.000, perplexity: 1.235
I0813 20:09:47.436472 139812568857728 peft_trainer.py:488] Train step 120 training loss: 0.015940  - training perplexity: 1.016067
I0813 20:09:47.443159 139812568857728 metric_logger.py:226] completed step: 120, seconds: 0.105, TFLOP/s/device: 29.663, Tokens/s/device: 1217.678, total_weights: 56, loss: 0.016, lm_loss: 0.000, perplexity: 1.233
I0813 20:09:47.541677 139812568857728 peft_trainer.py:488] Train step 121 training loss: 0.327233  - training perplexity: 1.387125
I0813 20:09:47.548341 139812568857728 metric_logger.py:226] completed step: 121, seconds: 0.105, TFLOP/s/device: 29.644, Tokens/s/device: 1216.909, total_weights: 62, loss: 0.327, lm_loss: 0.000, perplexity: 1.234
I0813 20:09:47.646688 139812568857728 peft_trainer.py:488] Train step 122 training loss: 0.000025  - training perplexity: 1.000025
I0813 20:09:47.653478 139812568857728 metric_logger.py:226] completed step: 122, seconds: 0.105, TFLOP/s/device: 29.687, Tokens/s/device: 1218.653, total_weights: 58, loss: 0.000, lm_loss: 0.000, perplexity: 1.232
I0813 20:09:47.751887 139812568857728 peft_trainer.py:488] Train step 123 training loss: 0.000212  - training perplexity: 1.000212
I0813 20:09:47.758503 139812568857728 metric_logger.py:226] completed step: 123, seconds: 0.105, TFLOP/s/device: 29.640, Tokens/s/device: 1216.727, total_weights: 49, loss: 0.000, lm_loss: 0.000, perplexity: 1.230
I0813 20:09:47.856957 139812568857728 peft_trainer.py:488] Train step 124 training loss: 0.400910  - training perplexity: 1.493182
I0813 20:09:47.863579 139812568857728 metric_logger.py:226] completed step: 124, seconds: 0.105, TFLOP/s/device: 29.673, Tokens/s/device: 1218.094, total_weights: 52, loss: 0.401, lm_loss: 0.000, perplexity: 1.232
I0813 20:09:47.949027 139812568857728 peft_trainer.py:802] Running evaluation on train step 125.
/home/student49/me344_final_project/.venv-me344-posttrain/lib/python3.12/site-packages/torch/cuda/__init__.py:65: FutureWarning: The pynvml package is deprecated. Please install nvidia-ml-py instead. If you did not install pynvml directly, please report this to the maintainers of the package that installed pynvml for you.
  import pynvml  # type: ignore[import]
[transformers] DeepseekV32Config got `key=rope_scaling` in kwargs but hasn't set it as attribute. For RoPE standardization you need to set `self.rope_parameters` in model's config. 
[transformers] DeepseekV4Config got `key=rope_scaling` in kwargs but hasn't set it as attribute. For RoPE standardization you need to set `self.rope_parameters` in model's config. 
2026-08-13 20:09:57.724804: I external/local_xla/xla/tsl/cuda/cudart_stub.cc:31] Could not find cuda drivers on your machine, GPU will not be used.
2026-08-13 20:09:57.766047: I tensorflow/core/platform/cpu_feature_guard.cc:210] This TensorFlow binary is optimized to use available CPU instructions in performance-critical operations.
To enable the following instructions: AVX2 FMA, in other operations, rebuild TensorFlow with the appropriate compiler flags.
2026-08-13 20:09:58.952994: I external/local_xla/xla/tsl/cuda/cudart_stub.cc:31] Could not find cuda drivers on your machine, GPU will not be used.
I0813 20:10:03.270295 139812568857728 peft_trainer.py:840] Train step 125 eval loss: 0.212245 - eval perplexity: 1.236450
I0813 20:10:03.271428 139812568857728 metric_logger.py:249] Completed eval after train step 125, loss=0.124, perplexity=1.236, total_weights=156.0, avg_z_loss=0.000
I0813 20:10:03.287314 139812568857728 peft_trainer.py:488] Train step 125 training loss: 0.004350  - training perplexity: 1.004360
I0813 20:10:03.294248 139812568857728 metric_logger.py:226] completed step: 125, seconds: 15.430, TFLOP/s/device: 0.202, Tokens/s/device: 8.295, total_weights: 53, loss: 0.004, lm_loss: 0.000, perplexity: 1.230
I0813 20:10:03.392749 139812568857728 peft_trainer.py:488] Train step 126 training loss: 0.000861  - training perplexity: 1.000861
I0813 20:10:03.399503 139812568857728 metric_logger.py:226] completed step: 126, seconds: 0.105, TFLOP/s/device: 29.585, Tokens/s/device: 1214.495, total_weights: 46, loss: 0.001, lm_loss: 0.000, perplexity: 1.228
I0813 20:10:03.497829 139812568857728 peft_trainer.py:488] Train step 127 training loss: 0.061034  - training perplexity: 1.062935
I0813 20:10:03.504570 139812568857728 metric_logger.py:226] completed step: 127, seconds: 0.105, TFLOP/s/device: 29.655, Tokens/s/device: 1217.360, total_weights: 58, loss: 0.061, lm_loss: 0.000, perplexity: 1.226
I0813 20:10:03.603332 139812568857728 peft_trainer.py:488] Train step 128 training loss: 0.038946  - training perplexity: 1.039714
I0813 20:10:03.610169 139812568857728 metric_logger.py:226] completed step: 128, seconds: 0.105, TFLOP/s/device: 29.566, Tokens/s/device: 1213.687, total_weights: 45, loss: 0.039, lm_loss: 0.000, perplexity: 1.225
I0813 20:10:03.708614 139812568857728 peft_trainer.py:488] Train step 129 training loss: 0.000169  - training perplexity: 1.000169
I0813 20:10:03.715371 139812568857728 metric_logger.py:226] completed step: 129, seconds: 0.105, TFLOP/s/device: 29.623, Tokens/s/device: 1216.057, total_weights: 55, loss: 0.000, lm_loss: 0.000, perplexity: 1.223
I0813 20:10:03.813797 139812568857728 peft_trainer.py:488] Train step 130 training loss: 0.000420  - training perplexity: 1.000420
I0813 20:10:03.820639 139812568857728 metric_logger.py:226] completed step: 130, seconds: 0.105, TFLOP/s/device: 29.641, Tokens/s/device: 1216.797, total_weights: 54, loss: 0.000, lm_loss: 0.000, perplexity: 1.221
I0813 20:10:03.919063 139812568857728 peft_trainer.py:488] Train step 131 training loss: 0.016468  - training perplexity: 1.016604
I0813 20:10:03.925986 139812568857728 metric_logger.py:226] completed step: 131, seconds: 0.105, TFLOP/s/device: 29.615, Tokens/s/device: 1215.712, total_weights: 52, loss: 0.016, lm_loss: 0.000, perplexity: 1.219
I0813 20:10:04.024320 139812568857728 peft_trainer.py:488] Train step 132 training loss: 0.138660  - training perplexity: 1.148733
I0813 20:10:04.031347 139812568857728 metric_logger.py:226] completed step: 132, seconds: 0.105, TFLOP/s/device: 29.627, Tokens/s/device: 1216.190, total_weights: 51, loss: 0.139, lm_loss: 0.000, perplexity: 1.219
I0813 20:10:04.129665 139812568857728 peft_trainer.py:488] Train step 133 training loss: 0.098736  - training perplexity: 1.103775
I0813 20:10:04.136637 139812568857728 metric_logger.py:226] completed step: 133, seconds: 0.105, TFLOP/s/device: 29.604, Tokens/s/device: 1215.279, total_weights: 61, loss: 0.099, lm_loss: 0.000, perplexity: 1.218
I0813 20:10:04.235118 139812568857728 peft_trainer.py:488] Train step 134 training loss: 0.011809  - training perplexity: 1.011879
I0813 20:10:04.242172 139812568857728 metric_logger.py:226] completed step: 134, seconds: 0.106, TFLOP/s/device: 29.550, Tokens/s/device: 1213.037, total_weights: 49, loss: 0.012, lm_loss: 0.000, perplexity: 1.216
I0813 20:10:04.340222 139812568857728 peft_trainer.py:488] Train step 135 training loss: 0.000437  - training perplexity: 1.000437
I0813 20:10:04.346976 139812568857728 metric_logger.py:226] completed step: 135, seconds: 0.105, TFLOP/s/device: 29.683, Tokens/s/device: 1218.527, total_weights: 42, loss: 0.000, lm_loss: 0.000, perplexity: 1.214
I0813 20:10:04.445240 139812568857728 peft_trainer.py:488] Train step 136 training loss: 0.000127  - training perplexity: 1.000127
I0813 20:10:04.452026 139812568857728 metric_logger.py:226] completed step: 136, seconds: 0.105, TFLOP/s/device: 29.691, Tokens/s/device: 1218.823, total_weights: 55, loss: 0.000, lm_loss: 0.000, perplexity: 1.213
I0813 20:10:04.550602 139812568857728 peft_trainer.py:488] Train step 137 training loss: 0.000530  - training perplexity: 1.000530
I0813 20:10:04.557413 139812568857728 metric_logger.py:226] completed step: 137, seconds: 0.105, TFLOP/s/device: 29.587, Tokens/s/device: 1214.550, total_weights: 55, loss: 0.001, lm_loss: 0.000, perplexity: 1.211
I0813 20:10:04.655634 139812568857728 peft_trainer.py:488] Train step 138 training loss: 0.000464  - training perplexity: 1.000464
I0813 20:10:04.662486 139812568857728 metric_logger.py:226] completed step: 138, seconds: 0.105, TFLOP/s/device: 29.684, Tokens/s/device: 1218.546, total_weights: 52, loss: 0.000, lm_loss: 0.000, perplexity: 1.209
I0813 20:10:04.760880 139812568857728 peft_trainer.py:488] Train step 139 training loss: 0.000304  - training perplexity: 1.000304
I0813 20:10:04.767647 139812568857728 metric_logger.py:226] completed step: 139, seconds: 0.105, TFLOP/s/device: 29.630, Tokens/s/device: 1216.339, total_weights: 57, loss: 0.000, lm_loss: 0.000, perplexity: 1.208
I0813 20:10:04.866086 139812568857728 peft_trainer.py:488] Train step 140 training loss: 0.031249  - training perplexity: 1.031742
I0813 20:10:04.872968 139812568857728 metric_logger.py:226] completed step: 140, seconds: 0.105, TFLOP/s/device: 29.647, Tokens/s/device: 1217.041, total_weights: 53, loss: 0.031, lm_loss: 0.000, perplexity: 1.206
I0813 20:10:04.971422 139812568857728 peft_trainer.py:488] Train step 141 training loss: 0.148852  - training perplexity: 1.160502
I0813 20:10:04.978202 139812568857728 metric_logger.py:226] completed step: 141, seconds: 0.105, TFLOP/s/device: 29.589, Tokens/s/device: 1214.634, total_weights: 53, loss: 0.149, lm_loss: 0.000, perplexity: 1.206
I0813 20:10:05.076604 139812568857728 peft_trainer.py:488] Train step 142 training loss: 0.516682  - training perplexity: 1.676456
I0813 20:10:05.083401 139812568857728 metric_logger.py:226] completed step: 142, seconds: 0.105, TFLOP/s/device: 29.653, Tokens/s/device: 1217.282, total_weights: 56, loss: 0.517, lm_loss: 0.000, perplexity: 1.209
I0813 20:10:05.181795 139812568857728 peft_trainer.py:488] Train step 143 training loss: 0.021124  - training perplexity: 1.021349
I0813 20:10:05.188577 139812568857728 metric_logger.py:226] completed step: 143, seconds: 0.105, TFLOP/s/device: 29.635, Tokens/s/device: 1216.519, total_weights: 51, loss: 0.021, lm_loss: 0.000, perplexity: 1.207
I0813 20:10:05.286953 139812568857728 peft_trainer.py:488] Train step 144 training loss: 0.000044  - training perplexity: 1.000044
I0813 20:10:05.293865 139812568857728 metric_logger.py:226] completed step: 144, seconds: 0.105, TFLOP/s/device: 29.646, Tokens/s/device: 1216.990, total_weights: 44, loss: 0.000, lm_loss: 0.000, perplexity: 1.206
I0813 20:10:05.392173 139812568857728 peft_trainer.py:488] Train step 145 training loss: 0.000340  - training perplexity: 1.000340
I0813 20:10:05.399104 139812568857728 metric_logger.py:226] completed step: 145, seconds: 0.105, TFLOP/s/device: 29.638, Tokens/s/device: 1216.661, total_weights: 47, loss: 0.000, lm_loss: 0.000, perplexity: 1.204
I0813 20:10:05.497251 139812568857728 peft_trainer.py:488] Train step 146 training loss: 0.095738  - training perplexity: 1.100471
I0813 20:10:05.504063 139812568857728 metric_logger.py:226] completed step: 146, seconds: 0.105, TFLOP/s/device: 29.678, Tokens/s/device: 1218.301, total_weights: 56, loss: 0.096, lm_loss: 0.000, perplexity: 1.204
I0813 20:10:05.602416 139812568857728 peft_trainer.py:488] Train step 147 training loss: 0.003397  - training perplexity: 1.003402
I0813 20:10:05.609256 139812568857728 metric_logger.py:226] completed step: 147, seconds: 0.105, TFLOP/s/device: 29.654, Tokens/s/device: 1217.327, total_weights: 53, loss: 0.003, lm_loss: 0.000, perplexity: 1.202
I0813 20:10:05.707657 139812568857728 peft_trainer.py:488] Train step 148 training loss: 0.071658  - training perplexity: 1.074288
I0813 20:10:05.714533 139812568857728 metric_logger.py:226] completed step: 148, seconds: 0.105, TFLOP/s/device: 29.609, Tokens/s/device: 1215.450, total_weights: 72, loss: 0.072, lm_loss: 0.000, perplexity: 1.201
I0813 20:10:05.813022 139812568857728 peft_trainer.py:488] Train step 149 training loss: 0.000007  - training perplexity: 1.000007
I0813 20:10:05.819837 139812568857728 metric_logger.py:226] completed step: 149, seconds: 0.105, TFLOP/s/device: 29.613, Tokens/s/device: 1215.648, total_weights: 59, loss: 0.000, lm_loss: 0.000, perplexity: 1.200
I0813 20:10:05.905008 139812568857728 peft_trainer.py:802] Running evaluation on train step 150.
/home/student49/me344_final_project/.venv-me344-posttrain/lib/python3.12/site-packages/torch/cuda/__init__.py:65: FutureWarning: The pynvml package is deprecated. Please install nvidia-ml-py instead. If you did not install pynvml directly, please report this to the maintainers of the package that installed pynvml for you.
  import pynvml  # type: ignore[import]
[transformers] DeepseekV32Config got `key=rope_scaling` in kwargs but hasn't set it as attribute. For RoPE standardization you need to set `self.rope_parameters` in model's config. 
[transformers] DeepseekV4Config got `key=rope_scaling` in kwargs but hasn't set it as attribute. For RoPE standardization you need to set `self.rope_parameters` in model's config. 
2026-08-13 20:10:15.878699: I external/local_xla/xla/tsl/cuda/cudart_stub.cc:31] Could not find cuda drivers on your machine, GPU will not be used.
2026-08-13 20:10:15.918537: I tensorflow/core/platform/cpu_feature_guard.cc:210] This TensorFlow binary is optimized to use available CPU instructions in performance-critical operations.
To enable the following instructions: AVX2 FMA, in other operations, rebuild TensorFlow with the appropriate compiler flags.
2026-08-13 20:10:17.105951: I external/local_xla/xla/tsl/cuda/cudart_stub.cc:31] Could not find cuda drivers on your machine, GPU will not be used.
I0813 20:10:21.453324 139812568857728 peft_trainer.py:840] Train step 150 eval loss: 0.192950 - eval perplexity: 1.212822
I0813 20:10:21.454442 139812568857728 metric_logger.py:249] Completed eval after train step 150, loss=0.077, perplexity=1.213, total_weights=156.0, avg_z_loss=0.000
I0813 20:10:21.470306 139812568857728 peft_trainer.py:488] Train step 150 training loss: 0.000044  - training perplexity: 1.000044
I0813 20:10:21.477293 139812568857728 metric_logger.py:226] completed step: 150, seconds: 15.657, TFLOP/s/device: 0.199, Tokens/s/device: 8.175, total_weights: 53, loss: 0.000, lm_loss: 0.000, perplexity: 1.198
I0813 20:10:21.575315 139812568857728 peft_trainer.py:488] Train step 151 training loss: 0.001672  - training perplexity: 1.001674
I0813 20:10:21.582131 139812568857728 metric_logger.py:226] completed step: 151, seconds: 0.105, TFLOP/s/device: 29.690, Tokens/s/device: 1218.779, total_weights: 65, loss: 0.002, lm_loss: 0.000, perplexity: 1.197
I0813 20:10:21.680173 139812568857728 peft_trainer.py:488] Train step 152 training loss: 0.000018  - training perplexity: 1.000018
I0813 20:10:21.686925 139812568857728 metric_logger.py:226] completed step: 152, seconds: 0.105, TFLOP/s/device: 29.756, Tokens/s/device: 1221.500, total_weights: 49, loss: 0.000, lm_loss: 0.000, perplexity: 1.195
I0813 20:10:21.785266 139812568857728 peft_trainer.py:488] Train step 153 training loss: 0.000030  - training perplexity: 1.000030
I0813 20:10:21.792020 139812568857728 metric_logger.py:226] completed step: 153, seconds: 0.105, TFLOP/s/device: 29.672, Tokens/s/device: 1218.051, total_weights: 50, loss: 0.000, lm_loss: 0.000, perplexity: 1.194
I0813 20:10:21.890176 139812568857728 peft_trainer.py:488] Train step 154 training loss: 0.000047  - training perplexity: 1.000047
I0813 20:10:21.897036 139812568857728 metric_logger.py:226] completed step: 154, seconds: 0.105, TFLOP/s/device: 29.716, Tokens/s/device: 1219.851, total_weights: 58, loss: 0.000, lm_loss: 0.000, perplexity: 1.193
I0813 20:10:21.995069 139812568857728 peft_trainer.py:488] Train step 155 training loss: 0.013478  - training perplexity: 1.013569
I0813 20:10:22.001982 139812568857728 metric_logger.py:226] completed step: 155, seconds: 0.105, TFLOP/s/device: 29.714, Tokens/s/device: 1219.768, total_weights: 56, loss: 0.013, lm_loss: 0.000, perplexity: 1.191
I0813 20:10:22.100206 139812568857728 peft_trainer.py:488] Train step 156 training loss: 0.000144  - training perplexity: 1.000144
I0813 20:10:22.106944 139812568857728 metric_logger.py:226] completed step: 156, seconds: 0.105, TFLOP/s/device: 29.669, Tokens/s/device: 1217.920, total_weights: 61, loss: 0.000, lm_loss: 0.000, perplexity: 1.190
I0813 20:10:22.205092 139812568857728 peft_trainer.py:488] Train step 157 training loss: 0.000026  - training perplexity: 1.000026
I0813 20:10:22.211936 139812568857728 metric_logger.py:226] completed step: 157, seconds: 0.105, TFLOP/s/device: 29.727, Tokens/s/device: 1220.313, total_weights: 56, loss: 0.000, lm_loss: 0.000, perplexity: 1.189
I0813 20:10:22.310086 139812568857728 peft_trainer.py:488] Train step 158 training loss: 0.000013  - training perplexity: 1.000013
I0813 20:10:22.316856 139812568857728 metric_logger.py:226] completed step: 158, seconds: 0.105, TFLOP/s/device: 29.693, Tokens/s/device: 1218.905, total_weights: 55, loss: 0.000, lm_loss: 0.000, perplexity: 1.187
I0813 20:10:22.414838 139812568857728 peft_trainer.py:488] Train step 159 training loss: 0.000035  - training perplexity: 1.000035
I0813 20:10:22.421698 139812568857728 metric_logger.py:226] completed step: 159, seconds: 0.105, TFLOP/s/device: 29.768, Tokens/s/device: 1222.017, total_weights: 48, loss: 0.000, lm_loss: 0.000, perplexity: 1.186
I0813 20:10:22.519735 139812568857728 peft_trainer.py:488] Train step 160 training loss: 0.022826  - training perplexity: 1.023089
I0813 20:10:22.526563 139812568857728 metric_logger.py:226] completed step: 160, seconds: 0.105, TFLOP/s/device: 29.718, Tokens/s/device: 1219.952, total_weights: 58, loss: 0.023, lm_loss: 0.000, perplexity: 1.185
I0813 20:10:22.624751 139812568857728 peft_trainer.py:488] Train step 161 training loss: 0.057644  - training perplexity: 1.059338
I0813 20:10:22.631612 139812568857728 metric_logger.py:226] completed step: 161, seconds: 0.105, TFLOP/s/device: 29.700, Tokens/s/device: 1219.212, total_weights: 58, loss: 0.058, lm_loss: 0.000, perplexity: 1.184
I0813 20:10:22.729998 139812568857728 peft_trainer.py:488] Train step 162 training loss: 0.000123  - training perplexity: 1.000123
I0813 20:10:22.736927 139812568857728 metric_logger.py:226] completed step: 162, seconds: 0.105, TFLOP/s/device: 29.622, Tokens/s/device: 1216.013, total_weights: 54, loss: 0.000, lm_loss: 0.000, perplexity: 1.183
I0813 20:10:22.834983 139812568857728 peft_trainer.py:488] Train step 163 training loss: 0.000018  - training perplexity: 1.000018
I0813 20:10:22.841758 139812568857728 metric_logger.py:226] completed step: 163, seconds: 0.105, TFLOP/s/device: 29.696, Tokens/s/device: 1219.024, total_weights: 54, loss: 0.000, lm_loss: 0.000, perplexity: 1.182
I0813 20:10:22.939904 139812568857728 peft_trainer.py:488] Train step 164 training loss: 0.000013  - training perplexity: 1.000013
I0813 20:10:22.946810 139812568857728 metric_logger.py:226] completed step: 164, seconds: 0.105, TFLOP/s/device: 29.716, Tokens/s/device: 1219.844, total_weights: 57, loss: 0.000, lm_loss: 0.000, perplexity: 1.181
I0813 20:10:23.044964 139812568857728 peft_trainer.py:488] Train step 165 training loss: 0.000135  - training perplexity: 1.000135
I0813 20:10:23.051761 139812568857728 metric_logger.py:226] completed step: 165, seconds: 0.105, TFLOP/s/device: 29.689, Tokens/s/device: 1218.734, total_weights: 52, loss: 0.000, lm_loss: 0.000, perplexity: 1.179
I0813 20:10:23.150243 139812568857728 peft_trainer.py:488] Train step 166 training loss: 0.020585  - training perplexity: 1.020798
I0813 20:10:23.157083 139812568857728 metric_logger.py:226] completed step: 166, seconds: 0.105, TFLOP/s/device: 29.619, Tokens/s/device: 1215.873, total_weights: 55, loss: 0.021, lm_loss: 0.000, perplexity: 1.178
I0813 20:10:23.255173 139812568857728 peft_trainer.py:488] Train step 167 training loss: 0.000043  - training perplexity: 1.000043
I0813 20:10:23.261940 139812568857728 metric_logger.py:226] completed step: 167, seconds: 0.105, TFLOP/s/device: 29.710, Tokens/s/device: 1219.636, total_weights: 47, loss: 0.000, lm_loss: 0.000, perplexity: 1.177
I0813 20:10:23.360087 139812568857728 peft_trainer.py:488] Train step 168 training loss: 0.000033  - training perplexity: 1.000033
I0813 20:10:23.366866 139812568857728 metric_logger.py:226] completed step: 168, seconds: 0.105, TFLOP/s/device: 29.721, Tokens/s/device: 1220.059, total_weights: 54, loss: 0.000, lm_loss: 0.000, perplexity: 1.176
I0813 20:10:23.464945 139812568857728 peft_trainer.py:488] Train step 169 training loss: 0.000012  - training perplexity: 1.000012
I0813 20:10:23.471718 139812568857728 metric_logger.py:226] completed step: 169, seconds: 0.105, TFLOP/s/device: 29.741, Tokens/s/device: 1220.871, total_weights: 57, loss: 0.000, lm_loss: 0.000, perplexity: 1.175
I0813 20:10:23.569734 139812568857728 peft_trainer.py:488] Train step 170 training loss: 0.120620  - training perplexity: 1.128196
I0813 20:10:23.576550 139812568857728 metric_logger.py:226] completed step: 170, seconds: 0.105, TFLOP/s/device: 29.755, Tokens/s/device: 1221.460, total_weights: 45, loss: 0.121, lm_loss: 0.000, perplexity: 1.175
I0813 20:10:23.674674 139812568857728 peft_trainer.py:488] Train step 171 training loss: 0.000005  - training perplexity: 1.000005
I0813 20:10:23.681543 139812568857728 metric_logger.py:226] completed step: 171, seconds: 0.105, TFLOP/s/device: 29.711, Tokens/s/device: 1219.668, total_weights: 59, loss: 0.000, lm_loss: 0.000, perplexity: 1.174
I0813 20:10:23.779733 139812568857728 peft_trainer.py:488] Train step 172 training loss: 0.311098  - training perplexity: 1.364923
I0813 20:10:23.786604 139812568857728 metric_logger.py:226] completed step: 172, seconds: 0.105, TFLOP/s/device: 29.652, Tokens/s/device: 1217.229, total_weights: 52, loss: 0.311, lm_loss: 0.000, perplexity: 1.175
I0813 20:10:23.884902 139812568857728 peft_trainer.py:488] Train step 173 training loss: 0.000013  - training perplexity: 1.000013
I0813 20:10:23.891782 139812568857728 metric_logger.py:226] completed step: 173, seconds: 0.105, TFLOP/s/device: 29.671, Tokens/s/device: 1218.025, total_weights: 62, loss: 0.000, lm_loss: 0.000, perplexity: 1.173
I0813 20:10:23.990043 139812568857728 peft_trainer.py:488] Train step 174 training loss: 0.000024  - training perplexity: 1.000024
I0813 20:10:23.996977 139812568857728 metric_logger.py:226] completed step: 174, seconds: 0.105, TFLOP/s/device: 29.660, Tokens/s/device: 1217.550, total_weights: 54, loss: 0.000, lm_loss: 0.000, perplexity: 1.172
I0813 20:10:24.082168 139812568857728 peft_trainer.py:802] Running evaluation on train step 175.
/home/student49/me344_final_project/.venv-me344-posttrain/lib/python3.12/site-packages/torch/cuda/__init__.py:65: FutureWarning: The pynvml package is deprecated. Please install nvidia-ml-py instead. If you did not install pynvml directly, please report this to the maintainers of the package that installed pynvml for you.
  import pynvml  # type: ignore[import]
[transformers] DeepseekV32Config got `key=rope_scaling` in kwargs but hasn't set it as attribute. For RoPE standardization you need to set `self.rope_parameters` in model's config. 
[transformers] DeepseekV4Config got `key=rope_scaling` in kwargs but hasn't set it as attribute. For RoPE standardization you need to set `self.rope_parameters` in model's config. 
2026-08-13 20:10:33.935758: I external/local_xla/xla/tsl/cuda/cudart_stub.cc:31] Could not find cuda drivers on your machine, GPU will not be used.
2026-08-13 20:10:33.975480: I tensorflow/core/platform/cpu_feature_guard.cc:210] This TensorFlow binary is optimized to use available CPU instructions in performance-critical operations.
To enable the following instructions: AVX2 FMA, in other operations, rebuild TensorFlow with the appropriate compiler flags.
2026-08-13 20:10:35.147544: I external/local_xla/xla/tsl/cuda/cudart_stub.cc:31] Could not find cuda drivers on your machine, GPU will not be used.
I0813 20:10:39.450344 139812568857728 peft_trainer.py:840] Train step 175 eval loss: 0.179124 - eval perplexity: 1.196169
I0813 20:10:39.451483 139812568857728 metric_logger.py:249] Completed eval after train step 175, loss=0.082, perplexity=1.196, total_weights=156.0, avg_z_loss=0.000
I0813 20:10:39.466995 139812568857728 peft_trainer.py:488] Train step 175 training loss: 0.000010  - training perplexity: 1.000010
I0813 20:10:39.474108 139812568857728 metric_logger.py:226] completed step: 175, seconds: 15.477, TFLOP/s/device: 0.201, Tokens/s/device: 8.270, total_weights: 50, loss: 0.000, lm_loss: 0.000, perplexity: 1.171
I0813 20:10:39.571918 139812568857728 peft_trainer.py:488] Train step 176 training loss: 0.349166  - training perplexity: 1.417884
I0813 20:10:39.578744 139812568857728 metric_logger.py:226] completed step: 176, seconds: 0.105, TFLOP/s/device: 29.734, Tokens/s/device: 1220.612, total_weights: 60, loss: 0.349, lm_loss: 0.000, perplexity: 1.173
I0813 20:10:39.676925 139812568857728 peft_trainer.py:488] Train step 177 training loss: 0.000071  - training perplexity: 1.000071
I0813 20:10:39.683809 139812568857728 metric_logger.py:226] completed step: 177, seconds: 0.105, TFLOP/s/device: 29.689, Tokens/s/device: 1218.758, total_weights: 53, loss: 0.000, lm_loss: 0.000, perplexity: 1.172
I0813 20:10:39.782143 139812568857728 peft_trainer.py:488] Train step 178 training loss: 0.422529  - training perplexity: 1.525815
I0813 20:10:39.789053 139812568857728 metric_logger.py:226] completed step: 178, seconds: 0.105, TFLOP/s/device: 29.638, Tokens/s/device: 1216.641, total_weights: 47, loss: 0.423, lm_loss: 0.000, perplexity: 1.173
I0813 20:10:39.886942 139812568857728 peft_trainer.py:488] Train step 179 training loss: 0.004094  - training perplexity: 1.004103
I0813 20:10:39.893789 139812568857728 metric_logger.py:226] completed step: 179, seconds: 0.105, TFLOP/s/device: 29.745, Tokens/s/device: 1221.073, total_weights: 46, loss: 0.004, lm_loss: 0.000, perplexity: 1.172
I0813 20:10:39.992037 139812568857728 peft_trainer.py:488] Train step 180 training loss: 0.000376  - training perplexity: 1.000376
I0813 20:10:39.998936 139812568857728 metric_logger.py:226] completed step: 180, seconds: 0.105, TFLOP/s/device: 29.676, Tokens/s/device: 1218.223, total_weights: 57, loss: 0.000, lm_loss: 0.000, perplexity: 1.171
I0813 20:10:40.097208 139812568857728 peft_trainer.py:488] Train step 181 training loss: 0.000046  - training perplexity: 1.000046
I0813 20:10:40.104043 139812568857728 metric_logger.py:226] completed step: 181, seconds: 0.105, TFLOP/s/device: 29.653, Tokens/s/device: 1217.260, total_weights: 62, loss: 0.000, lm_loss: 0.000, perplexity: 1.170
I0813 20:10:40.201972 139812568857728 peft_trainer.py:488] Train step 182 training loss: 0.000018  - training perplexity: 1.000019
I0813 20:10:40.208870 139812568857728 metric_logger.py:226] completed step: 182, seconds: 0.105, TFLOP/s/device: 29.750, Tokens/s/device: 1221.248, total_weights: 45, loss: 0.000, lm_loss: 0.000, perplexity: 1.169
I0813 20:10:40.306780 139812568857728 peft_trainer.py:488] Train step 183 training loss: 0.000186  - training perplexity: 1.000186
I0813 20:10:40.313606 139812568857728 metric_logger.py:226] completed step: 183, seconds: 0.105, TFLOP/s/device: 29.757, Tokens/s/device: 1221.526, total_weights: 41, loss: 0.000, lm_loss: 0.000, perplexity: 1.168
I0813 20:10:40.411810 139812568857728 peft_trainer.py:488] Train step 184 training loss: 0.000011  - training perplexity: 1.000011
I0813 20:10:40.418627 139812568857728 metric_logger.py:226] completed step: 184, seconds: 0.105, TFLOP/s/device: 29.685, Tokens/s/device: 1218.572, total_weights: 50, loss: 0.000, lm_loss: 0.000, perplexity: 1.167
I0813 20:10:40.516957 139812568857728 peft_trainer.py:488] Train step 185 training loss: 0.050682  - training perplexity: 1.051988
I0813 20:10:40.523981 139812568857728 metric_logger.py:226] completed step: 185, seconds: 0.105, TFLOP/s/device: 29.653, Tokens/s/device: 1217.275, total_weights: 53, loss: 0.051, lm_loss: 0.000, perplexity: 1.167
I0813 20:10:40.622017 139812568857728 peft_trainer.py:488] Train step 186 training loss: 0.032121  - training perplexity: 1.032642
I0813 20:10:40.629007 139812568857728 metric_logger.py:226] completed step: 186, seconds: 0.105, TFLOP/s/device: 29.680, Tokens/s/device: 1218.367, total_weights: 48, loss: 0.032, lm_loss: 0.000, perplexity: 1.166
I0813 20:10:40.726795 139812568857728 peft_trainer.py:488] Train step 187 training loss: 0.544166  - training perplexity: 1.723170
I0813 20:10:40.733779 139812568857728 metric_logger.py:226] completed step: 187, seconds: 0.105, TFLOP/s/device: 29.754, Tokens/s/device: 1221.418, total_weights: 43, loss: 0.544, lm_loss: 0.000, perplexity: 1.168
I0813 20:10:40.831550 139812568857728 peft_trainer.py:488] Train step 188 training loss: 0.057146  - training perplexity: 1.058810
I0813 20:10:40.838397 139812568857728 metric_logger.py:226] completed step: 188, seconds: 0.105, TFLOP/s/device: 29.762, Tokens/s/device: 1221.771, total_weights: 52, loss: 0.057, lm_loss: 0.000, perplexity: 1.168
I0813 20:10:40.936504 139812568857728 peft_trainer.py:488] Train step 189 training loss: 0.081733  - training perplexity: 1.085166
I0813 20:10:40.943485 139812568857728 metric_logger.py:226] completed step: 189, seconds: 0.105, TFLOP/s/device: 29.714, Tokens/s/device: 1219.788, total_weights: 56, loss: 0.082, lm_loss: 0.000, perplexity: 1.167
I0813 20:10:41.041107 139812568857728 peft_trainer.py:488] Train step 190 training loss: 0.000053  - training perplexity: 1.000053
I0813 20:10:41.047971 139812568857728 metric_logger.py:226] completed step: 190, seconds: 0.105, TFLOP/s/device: 29.812, Tokens/s/device: 1223.806, total_weights: 53, loss: 0.000, lm_loss: 0.000, perplexity: 1.166
I0813 20:10:41.146070 139812568857728 peft_trainer.py:488] Train step 191 training loss: 0.000021  - training perplexity: 1.000021
I0813 20:10:41.152962 139812568857728 metric_logger.py:226] completed step: 191, seconds: 0.105, TFLOP/s/device: 29.710, Tokens/s/device: 1219.632, total_weights: 53, loss: 0.000, lm_loss: 0.000, perplexity: 1.165
I0813 20:10:41.250734 139812568857728 peft_trainer.py:488] Train step 192 training loss: 0.000022  - training perplexity: 1.000022
I0813 20:10:41.257567 139812568857728 metric_logger.py:226] completed step: 192, seconds: 0.105, TFLOP/s/device: 29.788, Tokens/s/device: 1222.821, total_weights: 50, loss: 0.000, lm_loss: 0.000, perplexity: 1.164
I0813 20:10:41.355540 139812568857728 peft_trainer.py:488] Train step 193 training loss: 0.000010  - training perplexity: 1.000010
I0813 20:10:41.362429 139812568857728 metric_logger.py:226] completed step: 193, seconds: 0.105, TFLOP/s/device: 29.739, Tokens/s/device: 1220.794, total_weights: 55, loss: 0.000, lm_loss: 0.000, perplexity: 1.163
I0813 20:10:41.460647 139812568857728 peft_trainer.py:488] Train step 194 training loss: 0.000037  - training perplexity: 1.000037
I0813 20:10:41.467781 139812568857728 metric_logger.py:226] completed step: 194, seconds: 0.105, TFLOP/s/device: 29.647, Tokens/s/device: 1217.024, total_weights: 46, loss: 0.000, lm_loss: 0.000, perplexity: 1.163
I0813 20:10:41.565478 139812568857728 peft_trainer.py:488] Train step 195 training loss: 0.000320  - training perplexity: 1.000320
I0813 20:10:41.572341 139812568857728 metric_logger.py:226] completed step: 195, seconds: 0.105, TFLOP/s/device: 29.777, Tokens/s/device: 1222.369, total_weights: 53, loss: 0.000, lm_loss: 0.000, perplexity: 1.162
I0813 20:10:41.670697 139812568857728 peft_trainer.py:488] Train step 196 training loss: 0.000060  - training perplexity: 1.000060
I0813 20:10:41.677682 139812568857728 metric_logger.py:226] completed step: 196, seconds: 0.105, TFLOP/s/device: 29.619, Tokens/s/device: 1215.870, total_weights: 56, loss: 0.000, lm_loss: 0.000, perplexity: 1.161
I0813 20:10:41.775663 139812568857728 peft_trainer.py:488] Train step 197 training loss: 0.053383  - training perplexity: 1.054834
I0813 20:10:41.782626 139812568857728 metric_logger.py:226] completed step: 197, seconds: 0.105, TFLOP/s/device: 29.699, Tokens/s/device: 1219.155, total_weights: 53, loss: 0.053, lm_loss: 0.000, perplexity: 1.160
I0813 20:10:41.880429 139812568857728 peft_trainer.py:488] Train step 198 training loss: 0.000662  - training perplexity: 1.000663
I0813 20:10:41.887430 139812568857728 metric_logger.py:226] completed step: 198, seconds: 0.105, TFLOP/s/device: 29.778, Tokens/s/device: 1222.424, total_weights: 47, loss: 0.001, lm_loss: 0.000, perplexity: 1.159
I0813 20:10:41.984765 139812568857728 peft_trainer.py:488] Train step 199 training loss: 0.300118  - training perplexity: 1.350018
I0813 20:10:41.991600 139812568857728 metric_logger.py:226] completed step: 199, seconds: 0.104, TFLOP/s/device: 29.888, Tokens/s/device: 1226.939, total_weights: 51, loss: 0.300, lm_loss: 0.000, perplexity: 1.160
I0813 20:10:42.080817 139812568857728 checkpoint_manager.py:2017] [process=0][thread=MainThread][wait_until_finished] No Save Finalize thread to wait for. Returning.
I0813 20:10:42.081101 139812568857728 checkpoint_manager.py:1514] [process=0] Saving checkpoint at step 200
I0813 20:10:42.081394 139812568857728 event_tracking.py:76] [process=0] [sync] Started save checkpoint @ gs://me344-tpu-labs-west4/final_projects/qanh/runs/me344-qanh-20260813t194806z-sft/checkpoints/200.
I0813 20:10:42.280022 139812568857728 atomicity.py:140] Creating tmp directory gs://me344-tpu-labs-west4/final_projects/qanh/runs/me344-qanh-20260813t194806z-sft/checkpoints/200
I0813 20:10:42.756069 139812568857728 future.py:372] [process=0][thread=MainThread][operation_id=2] _SignalingThread.join() waiting for signals ([]) blocking the main thread will slow down blocking save times. This is likely due to main thread calling result() on a CommitFuture.
I0813 20:10:42.811522 139708284900928 atomicity.py:140] Creating tmp directory gs://me344-tpu-labs-west4/final_projects/qanh/runs/me344-qanh-20260813t194806z-sft/checkpoints/200/optimizer_state
I0813 20:10:42.818524 139708284900928 atomicity.py:140] Creating tmp directory gs://me344-tpu-labs-west4/final_projects/qanh/runs/me344-qanh-20260813t194806z-sft/checkpoints/200/model_params
I0813 20:10:43.098828 139812568857728 jax_array_handlers.py:521] Scheduling D2H of 37 prioritized jax.Array.
I0813 20:10:43.099494 139812568857728 replica_slices.py:425] Transferring arrays to host memory with options: use_replica_parallel=True, min_slice_bytes_for_replica_parallel=None, max_replicas_for_replica_parallel=None, enable_pinned_host_transfer=False
I0813 20:11:11.160452 139812568857728 async_io_engine.py:150] [process=0][thread=MainThread] Initiated "orbax.checkpoint._src.serialization.jax_array_handlers.ArrayHandler".serialize. Time taken: 28.063853s
I0813 20:11:11.163279 139709112968768 tensorstore_utils.py:593] Array name: 'decoder.layers.mlp.wi_0.kernel.value', global shape: (2560, 36, 9728), write shape: (2560, 36, 1216), chosen chunk shape: (2560, 36, 608)
I0813 20:11:11.164365 139709112968768 tensorstore_utils.py:593] Array name: 'decoder.layers.mlp.wi_1.kernel.value', global shape: (2560, 36, 9728), write shape: (2560, 36, 1216), chosen chunk shape: (2560, 36, 608)
I0813 20:11:11.164708 139812568857728 jax_array_handlers.py:521] Scheduling D2H of 29 prioritized jax.Array.
I0813 20:11:11.165108 139709112968768 tensorstore_utils.py:593] Array name: 'decoder.layers.mlp.wo.kernel.value', global shape: (9728, 36, 2560), write shape: (1216, 36, 2560), chosen chunk shape: (608, 36, 2560)
I0813 20:11:11.166674 139812568857728 replica_slices.py:425] Transferring arrays to host memory with options: use_replica_parallel=True, min_slice_bytes_for_replica_parallel=None, max_replicas_for_replica_parallel=None, enable_pinned_host_transfer=False
I0813 20:11:11.585567 139709112968768 array_metadata_store.py:203] [process=0][thread=array_type_handler] Wrote 37 array_metadata.ArrayMetadata to gs://me344-tpu-labs-west4/final_projects/qanh/runs/me344-qanh-20260813t194806z-sft/checkpoints/200/model_params/array_metadatas/process_0
I0813 20:11:26.785671 139709112968768 jax_array_handlers.py:249] [process=0] /jax/orbax/write/worker/io/requested throughput: 982.164 MiB/s (total gbytes: 15.0 GiB) (time elapsed: 15.623149871826172 s) (per-host)
I0813 20:11:33.772284 139709112968768 jax_array_handlers.py:308] [process=0] Raw /jax/orbax/write/worker/io/raw throughput: 894.412 MiB/s (total gbytes: 13.6 GiB) (time elapsed: 15.623149871826172 s) (per-host)
I0813 20:11:33.897752 139709112968768 jax_array_handlers.py:330] [process=0] Write ratio (raw/logical): 0.911 (13.6 GiB / 15.0 GiB)
I0813 20:11:38.787338 139812568857728 async_io_engine.py:150] [process=0][thread=MainThread] Initiated "orbax.checkpoint._src.serialization.jax_array_handlers.ArrayHandler".serialize. Time taken: 27.626316s
I0813 20:11:38.788178 139812568857728 async_io_engine.py:221] MemoryRegulated: Peak usage: 0.000000 GiB
I0813 20:11:38.791038 139708440856128 tensorstore_utils.py:593] Array name: 'opt_state.1.0.mu.decoder.layers.mlp.wi_0.kernel.value', global shape: (2560, 36, 9728), write shape: (2560, 36, 1216), chosen chunk shape: (2560, 36, 608)
I0813 20:11:38.791774 139708440856128 tensorstore_utils.py:593] Array name: 'opt_state.1.0.mu.decoder.layers.mlp.wi_1.kernel.value', global shape: (2560, 36, 9728), write shape: (2560, 36, 1216), chosen chunk shape: (2560, 36, 608)
I0813 20:11:38.792045 139708440856128 tensorstore_utils.py:593] Array name: 'opt_state.1.0.mu.decoder.layers.mlp.wo.kernel.value', global shape: (9728, 36, 2560), write shape: (1216, 36, 2560), chosen chunk shape: (608, 36, 2560)
I0813 20:11:38.793149 139812568857728 async_io_engine.py:122] [process=0] /jax/orbax/write/blocking_gbytes_per_sec: 275.475 MiB/s (total size: 15.0 GiB) (time elapsed: 55.702049016952515 s) (global)
I0813 20:11:38.794074 139708440856128 tensorstore_utils.py:593] Array name: 'opt_state.1.0.nu.decoder.layers.mlp.wi_0.kernel.value', global shape: (2560, 36, 9728), write shape: (2560, 36, 1216), chosen chunk shape: (2560, 36, 608)
I0813 20:11:38.797639 139708440856128 tensorstore_utils.py:593] Array name: 'opt_state.1.0.nu.decoder.layers.mlp.wi_1.kernel.value', global shape: (2560, 36, 9728), write shape: (2560, 36, 1216), chosen chunk shape: (2560, 36, 608)
I0813 20:11:38.799338 139708440856128 tensorstore_utils.py:593] Array name: 'opt_state.1.0.nu.decoder.layers.mlp.wo.kernel.value', global shape: (9728, 36, 2560), write shape: (1216, 36, 2560), chosen chunk shape: (608, 36, 2560)
I0813 20:11:38.864612 139812568857728 base_pytree_checkpoint_handler.py:750] [process=0][thread=MainThread] Initiated Pytree async_save. Time taken: 55.773546s (batch_requests_ready=0.003109s, total_serialization_initiated=55.697029s, others=0.073409s)
I0813 20:11:38.864829 139812568857728 async_io_engine.py:221] MemoryRegulated: Peak usage: 0.000000 GiB
I0813 20:11:38.865922 139812568857728 async_io_engine.py:122] [process=0] /jax/orbax/write/blocking_gbytes_per_sec: 550.261 MiB/s (total size: 30.0 GiB) (time elapsed: 55.77171778678894 s) (global)
I0813 20:11:38.928901 139812568857728 base_pytree_checkpoint_handler.py:750] [process=0][thread=MainThread] Initiated Pytree async_save. Time taken: 55.834683s (batch_requests_ready=0.002374s, total_serialization_initiated=55.768439s, others=0.063870s)
I0813 20:11:38.929234 139812568857728 composite_checkpoint_handler.py:715] [process=0][thread=MainThread] Initiated CompositeCheckpointHandler.async_save. Time taken: 56.174638s (all_items=0.000016s, per_item={'model_params': '0.00001264', 'optimizer_state': '0.00000334'}, temp_paths=56.174622)
I0813 20:11:38.929434 139812568857728 future.py:372] [process=0][thread=MainThread][operation_id=2] _SignalingThread.join() waiting for signals ([]) blocking the main thread will slow down blocking save times. This is likely due to main thread calling result() on a CommitFuture.
I0813 20:11:39.090549 139708449248832 base_pytree_checkpoint_handler.py:1250] [process=0][thread=write_metadata_after_commits] Commit + Array metadata written. Time taken: 0.296242s (commit=0.004726s, array_metadata_write=0.291515s)
I0813 20:11:39.094132 139812568857728 async_io_engine.py:122] [process=0] /jax/orbax/write/gbytes_per_sec: 273.994 MiB/s (total size: 15.0 GiB) (time elapsed: 56.003052949905396 s) (global)
I0813 20:11:39.230073 139812568857728 future.py:372] [process=0][thread=MainThread][operation_id=2] _SignalingThread.join() waiting for signals ([]) blocking the main thread will slow down blocking save times. This is likely due to main thread calling result() on a CommitFuture.
I0813 20:11:39.249886 139708440856128 array_metadata_store.py:203] [process=0][thread=array_type_handler] Wrote 29 array_metadata.ArrayMetadata to gs://me344-tpu-labs-west4/final_projects/qanh/runs/me344-qanh-20260813t194806z-sft/checkpoints/200/optimizer_state/array_metadatas/process_0
I0813 20:11:53.431252 139708440856128 jax_array_handlers.py:249] [process=0] /jax/orbax/write/worker/io/requested throughput: 2.047 GiB/s (total gbytes: 30.0 GiB) (time elapsed: 14.642222881317139 s) (per-host)
I0813 20:11:53.551451 139708440856128 jax_array_handlers.py:308] [process=0] Raw /jax/orbax/write/worker/io/raw throughput: 1.903 GiB/s (total gbytes: 27.9 GiB) (time elapsed: 14.642222881317139 s) (per-host)
I0813 20:11:53.669904 139708440856128 jax_array_handlers.py:330] [process=0] Write ratio (raw/logical): 0.930 (27.9 GiB / 30.0 GiB)
I0813 20:11:54.074707 139709069682240 base_pytree_checkpoint_handler.py:1250] [process=0][thread=write_metadata_after_commits] Commit + Array metadata written. Time taken: 15.207957s (commit=14.919734s, array_metadata_write=0.288223s)
I0813 20:11:54.076018 139812568857728 async_io_engine.py:122] [process=0] /jax/orbax/write/gbytes_per_sec: 432.351 MiB/s (total size: 30.0 GiB) (time elapsed: 70.98174166679382 s) (global)
I0813 20:11:54.590799 139812568857728 event_tracking.py:172] [process=0] [sync] Finished blocking save in 72.44 seconds. Continuing save @ gs://me344-tpu-labs-west4/final_projects/qanh/runs/me344-qanh-20260813t194806z-sft/checkpoints/200.
I0813 20:11:54.745680 139812568857728 array_metadata_store.py:367] [process=0][thread=MainThread] Skipped cross-host ArrayMetadata validation because only one process is found: process_index=0.
I0813 20:11:54.838741 139812568857728 base_pytree_checkpoint_handler.py:1374] [process=0][thread=MainThread] Pytree save finalize (merge_ocdbt + ArrayMetadata validation) completed. Time taken: 0.247477s. use_zarr3=False, enable_post_merge_validation=True, directory=gs://me344-tpu-labs-west4/final_projects/qanh/runs/me344-qanh-20260813t194806z-sft/checkpoints/200/model_params
I0813 20:11:54.839648 139812568857728 atomicity.py:664] Finalizing gs://me344-tpu-labs-west4/final_projects/qanh/runs/me344-qanh-20260813t194806z-sft/checkpoints/200/model_params
I0813 20:11:55.067516 139812568857728 array_metadata_store.py:367] [process=0][thread=MainThread] Skipped cross-host ArrayMetadata validation because only one process is found: process_index=0.
I0813 20:11:55.185998 139812568857728 base_pytree_checkpoint_handler.py:1374] [process=0][thread=MainThread] Pytree save finalize (merge_ocdbt + ArrayMetadata validation) completed. Time taken: 0.212942s. use_zarr3=False, enable_post_merge_validation=True, directory=gs://me344-tpu-labs-west4/final_projects/qanh/runs/me344-qanh-20260813t194806z-sft/checkpoints/200/optimizer_state
I0813 20:11:55.186731 139812568857728 atomicity.py:664] Finalizing gs://me344-tpu-labs-west4/final_projects/qanh/runs/me344-qanh-20260813t194806z-sft/checkpoints/200/optimizer_state
I0813 20:11:55.319536 139812568857728 atomicity.py:664] Finalizing gs://me344-tpu-labs-west4/final_projects/qanh/runs/me344-qanh-20260813t194806z-sft/checkpoints/200
I0813 20:11:55.665819 139812568857728 atomicity.py:847] [process=0][thread=MainThread] Finished saving checkpoint (finalized tmp dir) to `gs://me344-tpu-labs-west4/final_projects/qanh/runs/me344-qanh-20260813t194806z-sft/checkpoints/200`.
I0813 20:11:55.666520 139812568857728 event_tracking.py:185] [process=0] [sync] Finished save in 73.59 seconds @ gs://me344-tpu-labs-west4/final_projects/qanh/runs/me344-qanh-20260813t194806z-sft/checkpoints/200
I0813 20:11:55.720273 139812568857728 deleter.py:374] Queuing deletion of steps: [].
I0813 20:11:55.720405 139812568857728 checkpoint_manager.py:2145] [process=0][thread=MainThread][step=200] CheckpointManager Save Finalize is syncing with other hosts...
I0813 20:11:55.720575 139812568857728 checkpoint_manager.py:2154] [process=0][thread=MainThread][step=200] CheckpointManager Save Finalize is done on all hosts.
I0813 20:11:55.720735 139812568857728 checkpoint_manager.py:1583] [process=0][thread=MainThread][step=200] Finished synchronous save.
I0813 20:11:55.720881 139812568857728 standard_logger.py:34] {'step': 200, 'event_type': 'save', 'directory': 'gs://me344-tpu-labs-west4/final_projects/qanh/runs/me344-qanh-20260813t194806z-sft/checkpoints', 'reached_preemption': False, 'preemption_received_at': None, 'synchronous': True, 'wait_for_prev_start_time': 1786651842.0807974, 'wait_for_prev_duration_secs': 0.00014257431030273438, 'time_between_consecutive_saves_sec': 146.03126883506775, 'checkpointer_blocking_start_time': 1786651842.0812962, 'checkpointer_blocking_duration_secs': 73.58537459373474, 'get_old_steps_start_time': 1786651915.6667244, 'get_old_steps_duration_secs': 0.053411006927490234, 'checkpoint_manager_blocking_start_time': 1786651842.0807214, 'checkpoint_manager_blocking_duration_secs': 73.64012670516968}
I0813 20:11:55.721023 139812568857728 peft_trainer.py:802] Running evaluation on train step 200.
/home/student49/me344_final_project/.venv-me344-posttrain/lib/python3.12/site-packages/torch/cuda/__init__.py:65: FutureWarning: The pynvml package is deprecated. Please install nvidia-ml-py instead. If you did not install pynvml directly, please report this to the maintainers of the package that installed pynvml for you.
  import pynvml  # type: ignore[import]
[transformers] DeepseekV32Config got `key=rope_scaling` in kwargs but hasn't set it as attribute. For RoPE standardization you need to set `self.rope_parameters` in model's config. 
[transformers] DeepseekV4Config got `key=rope_scaling` in kwargs but hasn't set it as attribute. For RoPE standardization you need to set `self.rope_parameters` in model's config. 
2026-08-13 20:12:05.574650: I external/local_xla/xla/tsl/cuda/cudart_stub.cc:31] Could not find cuda drivers on your machine, GPU will not be used.
2026-08-13 20:12:05.614679: I tensorflow/core/platform/cpu_feature_guard.cc:210] This TensorFlow binary is optimized to use available CPU instructions in performance-critical operations.
To enable the following instructions: AVX2 FMA, in other operations, rebuild TensorFlow with the appropriate compiler flags.
2026-08-13 20:12:06.798617: I external/local_xla/xla/tsl/cuda/cudart_stub.cc:31] Could not find cuda drivers on your machine, GPU will not be used.
I0813 20:12:11.235129 139812568857728 peft_trainer.py:840] Train step 200 eval loss: 0.166139 - eval perplexity: 1.180737
I0813 20:12:11.236450 139812568857728 metric_logger.py:249] Completed eval after train step 200, loss=0.062, perplexity=1.181, total_weights=156.0, avg_z_loss=0.000
I0813 20:12:11.239025 139812568857728 hooks.py:219] Exception in load_next_train_batch: You may have run out of training data. Received <class 'StopIteration'> exception: ()
I0813 20:12:11.239567 139812568857728 peft_trainer.py:748] Train loop finished in: 336.4432 seconds
I0813 20:12:11.611431 139812568857728 peft_trainer.py:488] Train step 200 training loss: 0.007942  - training perplexity: 1.007974
I0813 20:12:11.683473 139812568857728 metric_logger.py:226] completed step: 200, seconds: 89.691, TFLOP/s/device: 0.035, Tokens/s/device: 1.427, total_weights: 64, loss: 0.008, lm_loss: 0.000, perplexity: 1.159
I0813 20:12:11.690541 139812568857728 metric_logger.py:333] To see full metrics 'tensorboard --logdir=gs://me344-tpu-labs-west4/final_projects/qanh/runs/me344-qanh-20260813t194806z-sft/tensorboard/'
I0813 20:12:11.782762 139812568857728 checkpoint_manager.py:2017] [process=0][thread=MainThread][wait_until_finished] No Save Finalize thread to wait for. Returning.
I0813 20:12:11.782960 139812568857728 checkpoint.py:459] Closing _NonBlockingMetadataStore(enable_write=True, _write_lock=<locked _thread.RLock object owner=139812568857728 count=1 at 0x7f10ed2539c0>, _store_impl=<orbax.checkpoint._src.metadata.checkpoint._MetadataStoreImpl object at 0x7f107c6aaed0>, _single_thread_executor=<concurrent.futures.thread.ThreadPoolExecutor object at 0x7f107c6aac60>, _write_futures=[])
wandb: 
wandb: Run history:
wandb:                                      eval/loss █▂▁▁▂▂▁▁▁
wandb:                                eval/perplexity █▁▁▁▁▂▁▁▁
wandb:  jax/checkpoint/write/old_steps_examined_count ▁
wandb:      jax/core/compile/backend_compile_duration ▁
wandb: jax/core/compile/jaxpr_to_mlir_module_duration ▁
wandb:          jax/core/compile/jaxpr_trace_duration ▁
wandb:              jax/orbax/write/blocking_end_time ▁
wandb:        jax/orbax/write/blocking_gbytes_per_sec ▁
wandb:                         jax/orbax/write/gbytes ▁
wandb:                 jax/orbax/write/gbytes_per_sec ▁
wandb:                                            +12 ...
wandb: 
wandb: Run summary:
wandb:                                      eval/loss 0.06226
wandb:                                eval/perplexity 1.06423
wandb:  jax/checkpoint/write/old_steps_examined_count 1
wandb:      jax/core/compile/backend_compile_duration 1786651608.84295
wandb: jax/core/compile/jaxpr_to_mlir_module_duration 1786651608.62234
wandb:          jax/core/compile/jaxpr_trace_duration 1786651608.23113
wandb:              jax/orbax/write/blocking_end_time 1786651694239.6836
wandb:        jax/orbax/write/blocking_gbytes_per_sec 0.48861
wandb:                         jax/orbax/write/gbytes 29.96972
wandb:                 jax/orbax/write/gbytes_per_sec 0.37595
wandb:                                            +12 ...
wandb: 
wandb: You can sync this run to the cloud by running:
wandb: wandb sync /home/student49/me344_final_project/wandb/offline-run-20260813_200559-4aajuyyg
wandb: Find logs at: ./wandb/offline-run-20260813_200559-4aajuyyg/logs
/home/student49/.local/share/uv/python/cpython-3.12.13-linux-x86_64-gnu/lib/python3.12/multiprocessing/resource_tracker.py:279: UserWarning: resource_tracker: There appear to be 20 leaked shared_memory objects to clean up at shutdown
  warnings.warn('resource_tracker: There appear to be %d '
